id_uporabnika,ime,priimek,spol,datum_rojstva,drzava,email,geslo,datum_registracije
1,Nikita,Theunissen,M,1970-04-16,Poland,ntheunissen0@tuttocitta.it,fEWCBl,2021-07-31
2,Enoch,Cathel,M,1954-06-14,Ukraine,ecathel1@springer.com,A0IjhKYdV,2019-08-16
3,Byron,Swendell,M,1961-03-22,China,bswendell2@examiner.com,CNteCbywm,2022-02-23
4,Stanly,Mees,M,1971-11-27,Canada,smees3@e-recht24.de,WqBJiRxS1Zo,2022-03-04
5,Marsiella,Poles,F,1989-10-24,Iran,mpoles4@amazonaws.com,FfQOa4,2020-05-01
6,Leeanne,Clegg,F,1990-03-13,China,lclegg5@patch.com,kd2LJeER,2021-04-06
7,Brigham,Neild,M,1994-04-22,Madagascar,bneild6@fastcompany.com,VP4PdFj,2021-07-29
8,Milo,Kinton,M,1993-05-09,Comoros,mkinton7@mysql.com,xJYDe5I3SKGc,2019-11-05
9,Mac,Hampshaw,M,1985-04-22,China,mhampshaw8@noaa.gov,Y7qNMLPQz,2021-09-10
10,Jim,Stockle,M,1989-05-10,Mexico,jstockle9@seesaa.net,jxZj3eU,2021-01-02
11,Welch,Stukings,M,2003-05-16,Indonesia,wstukingsa@stanford.edu,nE7iDdS,2020-03-17
12,Eulalie,Gatheridge,F,1976-07-22,Argentina,egatheridgeb@noaa.gov,xhAfkJDqBW,2020-04-08
13,Wileen,Stranio,F,1965-02-07,China,wstranioc@issuu.com,cB6u86W9p,2019-02-13
14,Oralia,Jansens,F,1959-11-07,Kenya,ojansensd@goo.ne.jp,ldgaxBi2ef,2020-07-15
15,Jackie,Westman,F,1955-09-06,United States,jwestmane@nih.gov,hYLTH76,2021-07-27
16,Megan,Fabb,F,1994-12-28,United States,mfabbf@uol.com.br,DziDutwBRI,2020-04-25
17,Codie,Bayly,F,1989-03-17,Brazil,cbaylyg@diigo.com,2B2oi7qM,2019-04-05
18,Ward,Robke,M,1987-10-01,Pakistan,wrobkeh@discuz.net,RWxArO,2020-10-02
19,Levy,Cherry Holme,M,1980-10-13,Malaysia,lcherryholmei@yale.edu,07TJOleEzc,2020-05-19
20,Bernie,Tiron,F,1977-02-28,Iraq,btironj@washington.edu,TQlvz2HsoQ,2018-08-21
21,Davis,Garrow,M,1989-03-29,Indonesia,dgarrowk@shinystat.com,AAGO5zY4nEsD,2019-04-04
22,Yvor,Cornell,M,1979-03-09,Slovenia,ycornelll@alexa.com,TvmmhbMMx,2018-11-14
23,Madelene,Pratte,F,1983-09-19,Mali,mprattem@taobao.com,1ro7tY9,2021-09-02
24,Stevie,Shrieves,M,1963-02-23,Peru,sshrievesn@parallels.com,WXYno4g6X,2020-09-18
25,Dorelle,Lyddy,F,1983-08-19,China,dlyddyo@comcast.net,xVjv1r,2020-01-21
26,Aubry,Haffard,F,1971-07-27,Indonesia,ahaffardp@i2i.jp,LYIIrHZ7,2021-11-25
27,Caleb,Jovovic,M,1996-01-09,Austria,cjovovicq@jiathis.com,4yn9dUYca,2019-12-15
28,Rani,Whiten,F,1983-04-23,Indonesia,rwhitenr@netvibes.com,zCsp551,2020-02-10
29,Jerald,Gerling,M,1971-05-22,Costa Rica,jgerlings@reuters.com,QV7d4sofAG7,2018-06-19
30,Rickert,Morais,M,1982-12-03,Indonesia,rmoraist@geocities.jp,YHTneDon,2018-07-26
31,Freemon,Mion,M,1968-09-24,Czech Republic,fmionu@ftc.gov,PaGG91bE,2018-11-04
32,Eldon,Inkles,M,2003-11-21,Portugal,einklesv@gizmodo.com,BK06y9y4ECJ,2020-03-01
33,Chastity,McCole,F,1987-07-13,Iran,cmccolew@acquirethisname.com,FSP6QgiK,2021-05-27
34,Miquela,Cobon,F,1993-06-27,Poland,mcobonx@shareasale.com,6DIhpa4QZm,2021-03-27
35,Desiri,Sheeran,F,1995-07-28,Indonesia,dsheerany@e-recht24.de,jyo4IdbZ,2020-09-10
36,Evelin,Baser,M,2001-02-26,Egypt,ebaserz@amazon.co.uk,JvoW1KIieZ,2019-05-29
37,Jeremiah,Caltun,M,1954-04-04,Peru,jcaltun10@soundcloud.com,7frzw6,2020-07-19
38,Talya,MacAless,F,1978-03-15,Yemen,tmacaless11@weibo.com,IUosFUL,2019-10-02
39,Lucias,Garm,M,1979-07-29,Colombia,lgarm12@auda.org.au,PIWZkO,2020-11-23
40,Gertrud,Semper,F,1968-05-21,Canada,gsemper13@instagram.com,Cmg68Nhl2,2019-07-11
41,Giorgio,Echelle,M,1995-05-18,Norway,gechelle14@nbcnews.com,RZORr4daupDN,2018-03-30
42,Lyell,Marchbank,M,1965-08-29,Russia,lmarchbank15@imgur.com,mQM6deRH,2021-08-07
43,Gregoire,McAllister,M,1986-10-30,Croatia,gmcallister16@theglobeandmail.com,yUj09Hm2oceb,2019-01-08
44,Briant,Osment,M,1994-10-24,Indonesia,bosment17@noaa.gov,enQVF9yx,2019-03-03
45,Nehemiah,Briers,M,1984-08-13,Netherlands,nbriers18@discovery.com,BBN1IkgXBR,2021-12-05
46,Tiphanie,Petrusch,F,1991-12-23,China,tpetrusch19@nsw.gov.au,rOGNyxrog,2019-02-22
47,Blakeley,Antonio,F,1974-07-18,Cuba,bantonio1a@godaddy.com,mhHUp6WQO,2021-09-03
48,Tasia,Sigfrid,F,1965-01-19,Czech Republic,tsigfrid1b@salon.com,smyL8kxba,2021-08-18
49,Jami,Thomson,F,1996-10-03,Mexico,jthomson1c@netvibes.com,ViM3ya,2022-01-15
50,Noni,Pagett,F,1965-03-06,Nigeria,npagett1d@discuz.net,ydBJ8RGOrIVl,2020-11-08
51,Alethea,Lunam,F,1961-03-08,France,alunam1e@bluehost.com,wpxHIN,2019-04-27
52,Dilly,Gianullo,M,1978-11-29,Uzbekistan,dgianullo1f@sbwire.com,tZlh33RqP5WX,2021-03-21
53,Arlinda,Meekin,F,1966-12-01,China,ameekin1g@virginia.edu,vCqKAmP21E,2019-12-07
54,Virgil,Stilly,M,1992-05-16,Comoros,vstilly1h@friendfeed.com,CPbCfklV21,2018-05-08
55,Colene,Saer,F,1954-08-06,Poland,csaer1i@live.com,V0q3gs4a,2018-03-15
56,Latia,Harmar,F,2000-02-20,Colombia,lharmar1j@cnn.com,y5rDS5zPX,2020-10-07
57,Gwenette,Cloughton,F,1952-05-11,China,gcloughton1k@mapquest.com,yj7BnKkpvo,2018-09-21
58,Shaine,Wisham,F,1994-04-30,Poland,swisham1l@cnbc.com,jHVOCf5AEj,2018-12-12
59,Coleman,Alster,M,1989-09-08,Portugal,calster1m@addtoany.com,JkPbacdVg,2022-03-03
60,Antonella,Kochl,F,1987-08-14,Argentina,akochl1n@tinyurl.com,giXL9h,2018-01-13
61,Ashli,Mathevet,F,1959-03-10,Poland,amathevet1o@irs.gov,9X8X919kJO,2018-04-07
62,Hasheem,Robison,M,1965-02-08,Indonesia,hrobison1p@reference.com,1Sz7SVx4,2019-10-18
63,Amberly,Moralas,F,1981-04-02,Sweden,amoralas1q@oaic.gov.au,Ehu4F2TPFej,2021-09-13
64,Amelie,Moggle,F,2001-11-15,Peru,amoggle1r@hugedomains.com,xHzCLd,2020-02-20
65,Pace,Shucksmith,M,1971-08-11,China,pshucksmith1s@oracle.com,229zPHFfo,2021-01-21
66,Mikel,Goodings,M,1964-03-26,Russia,mgoodings1t@addtoany.com,RqptgYb,2022-02-27
67,Christal,Medway,F,1957-08-16,Afghanistan,cmedway1u@dot.gov,pmSrpLuL,2020-04-16
68,Rayna,Butterick,F,1986-06-07,Colombia,rbutterick1v@dyndns.org,P3IgAbpvjOnp,2019-05-13
69,Domeniga,Earsman,F,1982-12-06,Russia,dearsman1w@ustream.tv,kW9xrHHo,2019-09-11
70,Lorry,Semered,M,1963-09-25,Netherlands,lsemered1x@github.com,8ziAZaHMQvSN,2019-11-22
71,Sidnee,MacManus,M,1990-06-26,Ireland,smacmanus1y@etsy.com,MCS7bXOyMUK,2018-02-16
72,Jordan,Westhead,M,1979-05-26,Sweden,jwesthead1z@geocities.com,r0Ak9im,2020-09-14
73,Anastasia,Kehri,F,1954-10-15,Yemen,akehri20@fema.gov,JpN9PmMdy,2020-05-24
74,Rockwell,Harrie,M,1983-05-19,Sweden,rharrie21@census.gov,UN2CYKI,2020-03-31
75,Wylma,Kellard,F,1955-02-16,Malaysia,wkellard22@mapy.cz,lmBwUz,2018-12-01
76,Cleon,Klagge,M,1972-12-19,Poland,cklagge23@go.com,02Zd0xOwr5,2021-07-06
77,Terrence,Plan,M,1964-05-22,China,tplan24@furl.net,n1kFU5kPf,2020-08-27
78,Rabi,Blader,M,1959-09-05,Russia,rblader25@blinklist.com,bUfsyWvf,2019-09-28
79,Casandra,Carillo,F,1987-07-10,Bangladesh,ccarillo26@mac.com,P4AisEU5,2021-09-17
80,Sandy,Piolli,M,1990-05-09,Palestinian Territory,spiolli27@census.gov,j63TCpyDZuW5,2020-12-26
81,Conchita,Hartell,F,1957-01-14,China,chartell28@tamu.edu,VOKVIg71qUYL,2018-02-27
82,Paola,Crisall,F,1954-01-27,Portugal,pcrisall29@columbia.edu,FsJReeaReJbL,2018-06-30
83,Nicola,Guirardin,F,1979-12-23,South Korea,nguirardin2a@ft.com,W5u0NpZMh0e5,2020-09-15
84,Viva,Bulbeck,F,1952-04-14,Brazil,vbulbeck2b@smh.com.au,8eKNNnjYs9a,2019-10-08
85,Margaret,Dobney,F,1971-11-27,Poland,mdobney2c@ed.gov,2G41kjo,2019-01-08
86,Drud,Stiven,M,1973-12-16,Mexico,dstiven2d@sciencedaily.com,nGxWRw,2021-06-13
87,Mohandis,Breache,M,1981-12-21,Colombia,mbreache2e@reuters.com,NPq0hmnO,2021-07-12
88,Osmund,Putten,M,1969-08-31,Poland,oputten2f@harvard.edu,4j6fOhtt1I,2018-06-30
89,Bent,Normavell,M,1983-09-14,Colombia,bnormavell2g@wikipedia.org,xAjTHzrme6Ui,2019-03-15
90,Norine,O'Duilleain,F,1979-01-04,Saint Lucia,noduilleain2h@sina.com.cn,3pclXEBmhO6r,2021-05-24
91,Enrico,Garnson,M,1963-12-31,Kenya,egarnson2i@msn.com,5uAWcNG0,2019-09-03
92,Dyane,Eggleson,F,1965-08-18,China,deggleson2j@nbcnews.com,FJtkwbPet,2020-01-30
93,Rhetta,Dilgarno,F,1979-04-26,China,rdilgarno2k@ask.com,1Qa9QGNRFup,2021-09-17
94,Cross,Wibrow,M,1959-03-27,Czech Republic,cwibrow2l@ihg.com,KxhXM9,2020-06-30
95,Wylie,Gieves,M,2003-06-05,Bosnia and Herzegovina,wgieves2m@utexas.edu,T40tmwPoF,2018-10-19
96,Wolfie,Blackbrough,M,1999-02-15,Cameroon,wblackbrough2n@webnode.com,ADsAwiLA,2019-05-17
97,Saxon,Edgett,M,1986-06-20,Indonesia,sedgett2o@zimbio.com,PhGPsOe,2019-11-05
98,Darlleen,Cund,F,1992-05-06,China,dcund2p@omniture.com,Sat1tNSnDKNW,2020-11-15
99,Morgan,Fanstone,M,1963-06-08,China,mfanstone2q@mapquest.com,fzAXhV,2021-08-07
100,Chadwick,Van Niekerk,M,1996-05-29,Indonesia,cvanniekerk2r@cyberchimps.com,rRz4x5rrChf,2021-05-17
101,Eugene,Heselwood,M,1960-10-03,China,eheselwood2s@alibaba.com,wxA6Bs,2020-07-04
102,Morten,Worthing,M,1998-11-03,Philippines,mworthing2t@dropbox.com,eIxEPKj216lk,2019-08-04
103,Julie,Rolf,M,2000-10-05,Philippines,jrolf2u@yandex.ru,VK4o5k,2020-08-16
104,Debera,Collicott,F,1965-11-05,China,dcollicott2v@ask.com,rvlZ02,2018-06-17
105,Inglis,Ruste,M,1997-04-10,Thailand,iruste2w@tuttocitta.it,vdotPFfuIu,2022-02-22
106,Lizzie,Fochs,F,1997-10-23,Czech Republic,lfochs2x@constantcontact.com,wmPavhet0G12,2021-02-19
107,Cathyleen,Farbrother,F,1977-02-04,Canada,cfarbrother2y@gravatar.com,tGnnfyR,2018-09-09
108,Janie,Carthy,F,1953-05-08,Portugal,jcarthy2z@reddit.com,tB5DRIIqkzEi,2018-05-25
109,Riannon,Leyshon,F,1993-07-13,China,rleyshon30@instagram.com,ofc68OoJD3Js,2019-05-27
110,Samuele,Glenwright,M,1968-04-05,Philippines,sglenwright31@theatlantic.com,nS7t2I23d,2019-01-20
111,Edouard,Truett,M,1953-07-20,Pakistan,etruett32@forbes.com,TbSJdIBsl,2020-01-17
112,Sheree,Walczynski,F,1955-08-05,Brazil,swalczynski33@deviantart.com,qgY15MwE3ed,2019-07-20
113,Hildegarde,Bolstridge,F,1978-03-29,Venezuela,hbolstridge34@google.fr,hlgbAUhiNTUz,2021-07-23
114,Sandro,Jillett,M,1960-12-05,Ukraine,sjillett35@gnu.org,GyCvanEbZda,2019-12-21
115,Abbie,Lackner,M,1957-01-01,Morocco,alackner36@t.co,IhYDsV7y3J,2021-12-21
116,Moyna,Hanaford,F,1983-04-16,Philippines,mhanaford37@trellian.com,jkOYMQW5f,2020-08-20
117,Chaddie,Woakes,M,1993-05-11,Sweden,cwoakes38@dailymail.co.uk,jXBPMvX,2020-09-14
118,Danika,Ruusa,F,1996-07-21,Costa Rica,druusa39@alexa.com,hRXIsIfiRf9P,2021-05-02
119,Nicolai,Cosley,M,1963-11-14,Poland,ncosley3a@mozilla.org,7VZA1WyTNI,2019-08-06
120,Peggy,Albone,F,1988-07-03,Russia,palbone3b@arstechnica.com,FjVJCTNj,2021-07-15
121,Vida,Seeking,F,1992-03-03,Philippines,vseeking3c@google.pl,eGxVtsah08,2018-07-07
122,Saleem,Payze,M,1978-12-06,Indonesia,spayze3d@studiopress.com,YLTVQaoNnKE,2019-10-04
123,Donetta,Laycock,F,1994-04-09,China,dlaycock3e@wsj.com,uz52vadoJVw2,2019-09-23
124,Yorker,Henrot,M,2004-02-07,Philippines,yhenrot3f@bloomberg.com,tARBVek,2018-04-04
125,Johny,Scrowston,M,2001-01-10,China,jscrowston3g@a8.net,TGwvu7PIo4em,2018-05-08
126,Kacy,Whieldon,F,1998-01-07,Czech Republic,kwhieldon3h@harvard.edu,U9CJYgW,2019-02-10
127,Osbourne,Peck,M,1976-12-11,Kazakhstan,opeck3i@vistaprint.com,4Lwarqn,2022-01-27
128,Abdul,Beebee,M,2003-05-26,Cyprus,abeebee3j@bluehost.com,Lz1lNPsR,2018-12-04
129,Kristyn,Guillou,F,1981-03-02,Mongolia,kguillou3k@europa.eu,BR9RSCzVb8,2022-02-22
130,Henrieta,Gerardet,F,1950-02-03,Argentina,hgerardet3l@seattletimes.com,0NmXsC5aGP,2019-12-24
131,Devan,Robathon,F,1995-08-28,Philippines,drobathon3m@cbslocal.com,tzrrXJRt1xvb,2020-06-19
132,Pietrek,Harbage,M,1985-12-25,China,pharbage3n@auda.org.au,P0CsRgjq,2020-09-26
133,Hermina,Sussex,F,1962-10-07,Thailand,hsussex3o@yandex.ru,YsMq03yqwR,2020-05-18
134,Dominga,Follan,F,1986-08-01,Poland,dfollan3p@addthis.com,rqUYGD,2019-08-20
135,Blakelee,Scardifield,F,1978-05-05,Indonesia,bscardifield3q@mlb.com,yP2Rk4uUkL,2019-01-26
136,Marline,Fahy,F,1958-05-27,China,mfahy3r@elpais.com,qcdwJL,2020-02-26
137,Idette,Wherton,F,1957-10-09,Serbia,iwherton3s@nydailynews.com,JnxJikU8WYg5,2021-03-17
138,Hadleigh,Eilhart,M,1976-08-25,Norway,heilhart3t@hhs.gov,TbohXJshML,2021-04-25
139,Yank,Fretter,M,1954-10-14,Indonesia,yfretter3u@github.io,kfkdJeX03lsj,2019-11-24
140,Franny,Whiffen,M,1993-02-28,Sweden,fwhiffen3v@fc2.com,LKNE9ChG,2021-07-05
141,Cassandry,Gallifont,F,2001-11-26,China,cgallifont3w@sphinn.com,tX9sq0S,2018-09-16
142,Kenyon,Atack,M,1997-09-26,Comoros,katack3x@youtu.be,iHrU4yo6Z,2019-02-24
143,Melodee,Mattisssen,F,1994-10-23,South Africa,mmattisssen3y@google.de,GNSuiTb,2021-03-20
144,Dallas,Parton,M,2002-10-28,Indonesia,dparton3z@ed.gov,mI7QeGGo,2020-09-03
145,Margalo,Leindecker,F,1989-11-19,Ireland,mleindecker40@noaa.gov,qAPZjLoHU,2018-03-15
146,Jamaal,Charkham,M,1984-01-26,China,jcharkham41@boston.com,b3F64q,2019-12-02
147,Mikol,Beahan,M,1969-04-11,Finland,mbeahan42@psu.edu,4s48K6H,2021-01-12
148,Ewart,Marconi,M,1998-11-07,South Africa,emarconi43@php.net,qeA7ioB,2018-03-21
149,Tonnie,Batie,M,2002-02-14,Poland,tbatie44@va.gov,nHQbJJXJ,2020-11-13
150,Jeniffer,Cordova,F,1966-03-13,Micronesia,jcordova45@xing.com,lknQJCo,2020-06-12
151,Helen,Pouck,F,1992-07-05,Bosnia and Herzegovina,hpouck46@forbes.com,FWfACn,2018-07-29
152,Maje,Weeden,M,1961-06-29,South Africa,mweeden47@t-online.de,N7lXRkE,2020-09-01
153,Merrill,Amburgy,F,1976-06-09,Honduras,mamburgy48@deliciousdays.com,tg9XRcZ2,2020-11-02
154,Reed,Cunradi,M,1956-03-16,China,rcunradi49@geocities.com,6tZFHZHa5Ghm,2018-03-03
155,Niven,Matskiv,M,1989-04-29,Pakistan,nmatskiv4a@wikispaces.com,qf3xMDYV,2019-12-02
156,Trey,Krout,M,1980-10-31,South Korea,tkrout4b@arstechnica.com,V0r1DEKDOac,2018-10-24
157,Rebecka,Russe,F,1958-04-15,Netherlands,rrusse4c@wufoo.com,RfhStuPV,2018-03-04
158,Ian,Birchett,M,1950-06-12,Philippines,ibirchett4d@hc360.com,O6iFbzi,2021-03-07
159,Garrik,Beardon,M,1960-02-27,United States,gbeardon4e@addthis.com,qcx8hTSUo,2019-08-15
160,Kaile,Penlington,F,1975-10-22,Indonesia,kpenlington4f@amazon.co.jp,wBzqUNYb,2020-10-13
161,Travus,Geertsen,M,1978-06-29,Nigeria,tgeertsen4g@cdc.gov,ga9MwdCyFqmw,2020-10-07
162,Kakalina,Ollie,F,1990-11-30,Georgia,kollie4h@artisteer.com,x0MX5HybWB,2022-03-07
163,Elfrieda,Tittershill,F,1981-08-02,Indonesia,etittershill4i@aol.com,1tlgTbYf,2019-12-02
164,Cloe,Spadazzi,F,1975-02-26,China,cspadazzi4j@prlog.org,5NF2TfcS,2021-11-30
165,Lorena,O'Lennachain,F,1972-11-11,China,lolennachain4k@comsenz.com,TMO68GF,2021-09-10
166,Rhett,Enevold,M,1988-03-24,Indonesia,renevold4l@goo.ne.jp,MjyLXbVeJ,2021-09-08
167,Nydia,Grocott,F,1995-08-02,Mongolia,ngrocott4m@dailymail.co.uk,4NX5Cywvisn,2019-04-15
168,Lyle,Dykes,M,1954-08-30,China,ldykes4n@businessinsider.com,2IqtJpHI,2020-04-25
169,Sosanna,Davidek,F,1998-01-24,Philippines,sdavidek4o@1und1.de,DnVsoVKEt,2021-12-18
170,Cecilius,Gerler,M,1985-01-23,Indonesia,cgerler4p@nba.com,kd7WK1nAhsBK,2020-10-19
171,Kristofer,Grabbam,M,2003-03-28,United States,kgrabbam4q@wikipedia.org,ipq2C7,2022-01-12
172,Philippe,Gowan,F,1993-02-10,Portugal,pgowan4r@omniture.com,1ZignN2G,2021-09-07
173,Red,Dobrovolny,M,1989-11-20,Philippines,rdobrovolny4s@tinypic.com,KMLsgtaqJ,2019-08-19
174,Elsinore,Filer,F,1991-08-18,Russia,efiler4t@webmd.com,sJB1EKa0b58D,2019-10-27
175,Rodi,Lasham,F,1963-04-21,Morocco,rlasham4u@mtv.com,S8xibOR,2021-09-22
176,Thorvald,Purselow,M,1969-12-29,Kazakhstan,tpurselow4v@vistaprint.com,15nXrFzK0OqA,2019-09-24
177,Aidan,Konert,F,1955-06-02,Egypt,akonert4w@is.gd,uSszINyy3,2020-09-04
178,Wren,Jeannon,F,1989-02-26,Japan,wjeannon4x@businessinsider.com,qWYQ2Zggsl,2021-05-02
179,Betteann,Blaxley,F,1981-05-29,Palestinian Territory,bblaxley4y@pen.io,kLKq96nF,2020-05-05
180,Holly,Biesty,F,1975-10-27,China,hbiesty4z@youtu.be,focn5hllrXp,2018-08-20
181,Thebault,Aitken,M,2002-01-12,Ireland,taitken50@cafepress.com,5AJMZABdJ25,2018-09-02
182,Lawrence,Tiffany,M,1960-12-02,Peru,ltiffany51@icq.com,SxwWde,2020-02-09
183,Ashia,Pendrich,F,1982-06-15,Philippines,apendrich52@dailymotion.com,2sclnBC,2018-05-10
184,Gayel,Bartoloma,F,1986-06-09,Denmark,gbartoloma53@mozilla.com,n1VjERNu,2018-05-17
185,Natka,Rogier,F,1957-01-19,Spain,nrogier54@princeton.edu,RkdZqvhbEzvD,2019-06-17
186,Cletis,Synder,M,1969-11-08,Russia,csynder55@de.vu,tHtUaS,2018-10-29
187,Ree,Melato,F,1958-04-06,Poland,rmelato56@lycos.com,dwkcIy7Jo2MF,2022-02-10
188,Carly,Manhare,M,1999-05-19,China,cmanhare57@hibu.com,FUL0Ch,2019-09-15
189,Kain,Scrinage,M,2001-04-19,China,kscrinage58@newsvine.com,mq413gmVPRh,2020-01-15
190,Bert,Everill,M,1964-02-21,Philippines,beverill59@unesco.org,atxq8AKAtud,2018-11-21
191,Howie,Scrase,M,1996-04-20,Indonesia,hscrase5a@taobao.com,AOUgNmfIChzR,2021-07-14
192,Grace,Awmack,M,1994-02-11,Indonesia,gawmack5b@tinyurl.com,c8ScQfTY,2021-04-13
193,Beverlee,Stannus,F,1985-07-08,France,bstannus5c@time.com,HxXq2KE4VWKB,2020-05-23
194,Filippo,Balas,M,1992-01-15,China,fbalas5d@scribd.com,M8QFf9,2019-05-06
195,Edyth,Tellett,F,1966-09-25,China,etellett5e@google.com.au,6654pvFLJ,2019-06-25
196,Charles,Goalby,M,1971-05-27,Nigeria,cgoalby5f@discuz.net,6GpCcGSTsY,2020-07-09
197,Gamaliel,Sabban,M,2001-12-14,Mexico,gsabban5g@privacy.gov.au,q56LhT,2021-03-06
198,Cordell,Keasley,M,1972-12-10,Honduras,ckeasley5h@disqus.com,uRTRJxP,2021-12-19
199,Bald,Whacket,M,1979-03-01,Russia,bwhacket5i@forbes.com,8JreI1NE,2020-11-23
200,Gaynor,Joincey,F,1952-11-08,China,gjoincey5j@usda.gov,u9RwTjrC7iAI,2018-08-03
201,Cordy,Clementucci,M,1977-11-25,China,cclementucci5k@europa.eu,HpyGTheCbD6H,2020-12-05
202,Earle,Croot,M,1963-10-10,Tanzania,ecroot5l@bizjournals.com,Svb3IgvoNG,2019-08-18
203,Audry,Kirvin,F,1968-03-16,Somalia,akirvin5m@vkontakte.ru,5n66z7,2022-02-13
204,Kitti,Brockhurst,F,1969-12-02,Indonesia,kbrockhurst5n@angelfire.com,6Dd0VthzjdVJ,2018-10-31
205,Gerhard,Lanston,M,1984-02-09,Colombia,glanston5o@tinyurl.com,2YUNLMmtZl0,2018-02-13
206,Sidonnie,O'Neil,F,1984-10-08,Russia,soneil5p@de.vu,3LR9q94vA,2021-03-26
207,Vlad,De Maria,M,1992-04-17,Indonesia,vdemaria5q@google.com.br,3w0MONo,2021-05-16
208,Mari,Sivyer,F,1962-11-01,Madagascar,msivyer5r@1und1.de,MgZyY8xze7,2020-11-06
209,Isidora,Mcasparan,F,1980-04-08,South Africa,imcasparan5s@reference.com,nr1iKWuIEdA,2021-03-01
210,Hetty,Ullyott,F,1990-01-11,United States,hullyott5t@discuz.net,0pQq5Obcz,2019-12-24
211,Tiffy,Thackham,F,1986-02-08,Portugal,tthackham5u@twitter.com,SwPZZk8Sqp,2020-05-10
212,Alexandre,Penton,M,1992-07-22,Nigeria,apenton5v@miibeian.gov.cn,2EjLLquvq,2020-09-09
213,Madelene,Van der Veldt,F,1976-07-18,Brazil,mvanderveldt5w@ameblo.jp,EBqhx1,2020-11-04
214,Bondie,Baldocci,M,1953-09-03,South Africa,bbaldocci5x@homestead.com,r1t2Q8Vkbpzv,2019-12-13
215,Agneta,Pleavin,F,1993-09-15,Panama,apleavin5y@wikia.com,yhSsQfggp,2021-09-27
216,Leland,Hillam,F,1955-01-29,Tanzania,lhillam5z@ow.ly,WfSMYrYRPfjY,2020-08-13
217,Francyne,Fairn,F,1982-03-30,Brazil,ffairn60@reddit.com,hrA5Jmc9,2018-05-19
218,Keriann,De Luna,F,1980-07-14,Philippines,kdeluna61@illinois.edu,3FG8padhRT2,2021-09-05
219,Garold,Sawell,M,1971-09-12,China,gsawell62@reverbnation.com,pDSzSN,2018-11-18
220,Cassi,Casoni,F,1992-04-05,China,ccasoni63@blogspot.com,OGgI2ZRncuA,2020-05-09
221,Alvin,Bernardeau,M,1966-09-06,Sweden,abernardeau64@marketwatch.com,ysrWD10Ii,2018-07-30
222,Hatti,Neeves,F,1968-04-07,China,hneeves65@g.co,68u1wLWJti8j,2020-10-25
223,Sullivan,Philpin,M,1960-06-20,Japan,sphilpin66@si.edu,Uko2Ol,2019-08-21
224,Rusty,Firmin,M,1976-11-08,Morocco,rfirmin67@nbcnews.com,fBbLIJqc,2020-02-19
225,Isidor,Lile,M,1954-05-06,Indonesia,ilile68@salon.com,Ze1SnuVfa,2020-05-04
226,Christoper,Biesterfeld,M,1965-03-22,Portugal,cbiesterfeld69@artisteer.com,fa8QxqlUc510,2018-07-30
227,Dorolisa,Killgus,F,1988-10-21,China,dkillgus6a@nymag.com,ygknl29N3KD,2020-07-28
228,Anson,Renachowski,M,2003-06-08,Colombia,arenachowski6b@theatlantic.com,7PmbAPXT,2019-06-08
229,Lindie,Trewett,F,1980-11-02,Democratic Republic of the Congo,ltrewett6c@mozilla.org,dCfArGig4Kxd,2021-06-29
230,Pierrette,Hafner,F,1958-12-03,Ukraine,phafner6d@barnesandnoble.com,vxvtzb2KuQk,2020-10-11
231,Leticia,Stalman,F,1978-11-21,Azerbaijan,lstalman6e@sciencedaily.com,nwc7iCwLcQ,2021-07-23
232,Nikolos,Louw,M,1984-10-11,Czech Republic,nlouw6f@samsung.com,h4V3QJ,2019-10-25
233,Horton,Andryushchenko,M,1967-11-27,Poland,handryushchenko6g@stanford.edu,dtAhJLS,2019-02-15
234,Inness,Karppi,M,1973-11-13,France,ikarppi6h@goo.gl,k5mh2SI,2022-02-03
235,Killian,Darkott,M,1979-06-27,Czech Republic,kdarkott6i@psu.edu,S40haJNI0H5,2019-05-30
236,Fawn,Arnoldi,F,1995-09-18,China,farnoldi6j@photobucket.com,1YWNjIyo,2021-11-10
237,Beltran,Antonignetti,M,1950-10-20,Serbia,bantonignetti6k@reference.com,3RmAKZN7NJE,2021-04-04
238,Ricardo,Syseland,M,1992-02-27,China,rsyseland6l@amazon.com,F5NDNrQr5,2021-05-13
239,Grayce,Tanswill,F,1954-07-06,Philippines,gtanswill6m@netlog.com,FOwhETIneSH,2021-07-07
240,Tallie,Giddins,F,1971-09-08,Afghanistan,tgiddins6n@google.co.uk,LW5nF7zr,2021-04-26
241,Bobbi,Topper,F,1962-03-18,Sweden,btopper6o@webmd.com,KlqSC364TTP,2022-02-15
242,Barbaraanne,Poge,F,2003-11-07,Iran,bpoge6p@sciencedaily.com,2Hdk8n2bziYe,2018-05-14
243,Liana,Kelbie,F,1990-05-02,Argentina,lkelbie6q@census.gov,dswxgDMV,2019-02-21
244,Winfred,Pele,M,1970-08-01,Guatemala,wpele6r@dedecms.com,IyMBetQPK,2019-09-30
245,Ardis,Drewry,F,2001-04-08,Indonesia,adrewry6s@businesswire.com,SzwELWsco8j1,2019-02-04
246,Bail,Sawdon,M,1966-09-01,Faroe Islands,bsawdon6t@marketwatch.com,jZ0uRNg3awT,2021-06-30
247,Neille,Lincey,F,1989-11-25,Israel,nlincey6u@ca.gov,BKBZnXst,2021-08-06
248,Euphemia,Lymbourne,F,1970-06-10,China,elymbourne6v@globo.com,ZjSBB9BUo,2021-01-29
249,Clarke,Rennick,M,1981-03-12,Indonesia,crennick6w@ebay.com,wcFNKwQ,2021-05-24
250,Rodolph,Mutimer,M,1986-08-31,China,rmutimer6x@constantcontact.com,z9hWxE,2019-06-09
251,Ophelie,Sowrey,F,1966-06-10,Portugal,osowrey6y@gravatar.com,IQe5ET6W,2018-07-01
252,Tybalt,Game,M,1958-02-19,Philippines,tgame6z@princeton.edu,WTZ7kh8,2021-10-07
253,Mendel,Brahan,M,1956-12-26,Japan,mbrahan70@gizmodo.com,0w41HFWx,2021-04-29
254,Karlyn,Hilland,F,1957-01-27,Honduras,khilland71@so-net.ne.jp,vcgP1s,2020-06-03
255,Morris,Broadhurst,M,2001-01-19,Honduras,mbroadhurst72@ucla.edu,5jOPqxssEIyI,2021-04-15
256,Eamon,Condell,M,1984-10-22,Brazil,econdell73@pagesperso-orange.fr,qJoYSJbg,2018-09-27
257,Shermie,Lanning,M,1958-08-18,Sweden,slanning74@apache.org,gQ65fwa,2018-11-24
258,Emyle,Delle,F,2000-09-22,Ukraine,edelle75@bravesites.com,pQtGQsTq,2018-02-14
259,Lisha,Chamberlen,F,2004-03-26,Colombia,lchamberlen76@rakuten.co.jp,tHf9I0oHm,2020-06-27
260,Wallie,Moulder,M,1995-02-19,Costa Rica,wmoulder77@hibu.com,lSn8XbGXIO1,2020-07-03
261,Maiga,Littlekit,F,2002-05-28,Japan,mlittlekit78@networksolutions.com,NhWRm8h,2019-11-15
262,Lezlie,Bartrop,F,1968-01-11,Indonesia,lbartrop79@reverbnation.com,3KY2dMfF0S9,2019-06-20
263,Zeb,Joblin,M,1991-08-03,Thailand,zjoblin7a@bbc.co.uk,Jp70J6I,2018-04-22
264,Saleem,Velti,M,1978-06-16,Netherlands,svelti7b@meetup.com,BEREPNh0ed,2022-02-21
265,Anjela,Dulake,F,1956-11-25,China,adulake7c@shutterfly.com,V1gHUwTsmK,2019-11-01
266,Concordia,Killeley,F,1995-02-17,China,ckilleley7d@berkeley.edu,Hsf4w1S,2021-11-21
267,Arlinda,Elliker,F,1951-10-08,Brazil,aelliker7e@reuters.com,z0Ec7X,2020-12-30
268,Miranda,Daens,F,1961-04-07,Macedonia,mdaens7f@delicious.com,N8UAGHPwIbae,2018-08-26
269,Una,Kingsnode,F,1959-09-07,Russia,ukingsnode7g@shinystat.com,XEhu6lF,2021-07-10
270,Frank,Mansion,M,2002-11-17,China,fmansion7h@naver.com,xqNClSKAzr,2021-10-29
271,Charita,Avison,F,1986-08-08,Brazil,cavison7i@a8.net,aOT9g1ASy,2020-08-07
272,Justinian,Alekseev,M,1989-05-15,Indonesia,jalekseev7j@quantcast.com,2KQZGvwpX,2019-03-15
273,Hedwig,Trethewey,F,1994-08-15,Poland,htrethewey7k@hud.gov,FrZdaf,2019-03-06
274,Davine,Vicar,F,1954-10-10,United States,dvicar7l@amazon.co.uk,d1QTIVPf6v,2021-09-05
275,Caitlin,MacDonnell,F,1953-09-12,Bosnia and Herzegovina,cmacdonnell7m@cocolog-nifty.com,dilzGR,2019-04-08
276,Bunny,Alphege,F,1955-11-08,China,balphege7n@oakley.com,mRRVPjYZi,2019-05-26
277,Kristofor,Duddy,M,1987-06-15,Canada,kduddy7o@exblog.jp,msffYu2PX6Il,2021-05-08
278,Karolina,Entissle,F,1967-01-22,Indonesia,kentissle7p@goodreads.com,dPzrp7gbM,2021-08-18
279,Anny,McKiddin,F,1996-05-29,Philippines,amckiddin7q@ezinearticles.com,D4N73AqeJ9,2021-05-03
280,Tommie,Donn,M,1965-09-15,Syria,tdonn7r@deliciousdays.com,rnRIYA2Z,2020-11-11
281,Tiffy,Bleasdille,F,1983-03-24,Portugal,tbleasdille7s@t.co,tOg0u8BqPm3G,2020-11-27
282,Eveline,Golby,F,1980-08-23,Portugal,egolby7t@pcworld.com,nSXDcwp,2021-12-26
283,Nicholas,Darby,M,1978-07-04,Indonesia,ndarby7u@va.gov,GBnzIl6l8,2018-04-23
284,Lydie,Monkleigh,F,1956-07-28,United States,lmonkleigh7v@cnn.com,JbpbNc,2018-01-11
285,Norris,Schonfelder,M,1967-10-24,Poland,nschonfelder7w@nationalgeographic.com,q9RDmlQIC0,2022-01-05
286,Brand,Casotti,M,1956-02-14,Sweden,bcasotti7x@cpanel.net,hVqhEO5343,2019-05-12
287,Bar,Benedick,M,1992-03-25,Costa Rica,bbenedick7y@tuttocitta.it,TFyBBMUlAx,2018-11-06
288,Zonnya,Albany,F,1962-02-04,United States,zalbany7z@canalblog.com,OEyaV7ig,2018-09-28
289,Valentino,McCleod,M,1982-10-26,Indonesia,vmccleod80@bigcartel.com,3z62Dp,2021-09-23
290,Itch,Cockshot,M,1964-06-10,Mongolia,icockshot81@senate.gov,ysZjMaFJYq4,2020-05-01
291,Charin,Northam,F,1962-07-26,China,cnortham82@multiply.com,x9dbPRA,2020-03-07
292,Sutton,Gavozzi,M,1956-05-22,Pakistan,sgavozzi83@purevolume.com,BgpAhPQu,2021-02-03
293,Yettie,Stuer,F,1994-06-12,United States,ystuer84@buzzfeed.com,ZiATmqW,2021-10-09
294,Darrelle,Shrimpling,F,1976-03-02,Peru,dshrimpling85@bloomberg.com,x7UhyUzaZP95,2020-01-17
295,Tiffy,Braban,F,1988-09-27,Indonesia,tbraban86@fotki.com,bF7vNar33eJ,2019-01-14
296,Yale,Grossier,M,1986-10-16,China,ygrossier87@eepurl.com,qwy9IxL0EmU,2021-04-23
297,Haleigh,Beales,F,1979-08-23,China,hbeales88@unc.edu,ALoSYBTIww7,2019-08-27
298,Elli,Haker,F,1999-08-04,Indonesia,ehaker89@loc.gov,Gg9sx5,2022-01-20
299,Carter,Vinton,M,1967-06-25,Palestinian Territory,cvinton8a@springer.com,XDaI8OwVtn,2021-07-06
300,Sinclare,Moar,M,1970-12-23,Tanzania,smoar8b@umich.edu,gcu1D3AQpC4,2018-09-02
301,Benni,Cloute,F,1998-03-23,Ireland,bcloute8c@mysql.com,jCGx4J2K,2020-02-26
302,Terri,Sturte,M,1968-11-11,Ireland,tsturte8d@samsung.com,YYwfQJw4,2019-07-27
303,Patience,Haffenden,F,1954-07-04,Peru,phaffenden8e@myspace.com,eBoUWU4zmBoe,2021-09-29
304,Adolphe,Kemsley,M,1963-10-18,China,akemsley8f@sourceforge.net,DNtH4IZ,2021-02-12
305,Thorn,Foskew,M,1954-09-06,Gambia,tfoskew8g@tiny.cc,gkEYVD,2021-05-04
306,Jaime,Carbery,M,1972-07-19,Iran,jcarbery8h@cbslocal.com,Qk3X6S89AB,2019-07-04
307,Micki,Ivanishchev,F,1954-07-07,Portugal,mivanishchev8i@reverbnation.com,jIFgGDH50N4,2021-10-29
308,Perice,Bethel,M,1999-07-16,China,pbethel8j@facebook.com,lDBaI4E5CZ9R,2021-05-14
309,Claresta,McSperrin,F,1991-02-23,Ukraine,cmcsperrin8k@prweb.com,tZ6MtbDKhgkQ,2022-02-04
310,Susanna,Monday,F,1984-03-24,Vietnam,smonday8l@hostgator.com,zoLWNzEmRHX,2022-03-22
311,Darn,Lansdown,M,1967-08-25,China,dlansdown8m@apple.com,qiC7iD,2021-03-06
312,Jolee,Mickleborough,F,1992-01-16,Brazil,jmickleborough8n@cnn.com,H5XQy5U3zE,2018-01-05
313,Padget,Schutze,M,1951-12-11,Russia,pschutze8o@jimdo.com,o4TgoHZ,2019-02-11
314,Madelene,Blanch,F,1981-04-26,Mexico,mblanch8p@microsoft.com,nYoXaEo,2018-06-13
315,Pincas,Godart,M,1968-05-26,Philippines,pgodart8q@chron.com,6NeA3tyS,2021-07-12
316,Delaney,Giacometti,M,1979-02-18,Russia,dgiacometti8r@phoca.cz,LhWFv11E6zO,2018-05-23
317,Boigie,Aim,M,1977-06-29,Indonesia,baim8s@apache.org,kf4Wsk9mcFHe,2021-11-28
318,Sigismond,Orviss,M,1962-08-04,Palestinian Territory,sorviss8t@walmart.com,pQdCBgXng,2020-11-19
319,Marie-ann,Wrout,F,1987-04-22,Peru,mwrout8u@loc.gov,qOmIDwgxmvkL,2021-06-18
320,Brnaba,Dubbin,M,1980-12-19,France,bdubbin8v@answers.com,7i34WT9IAzt,2020-01-30
321,Brien,Schowenburg,M,1981-08-07,Philippines,bschowenburg8w@slideshare.net,ogo6IrD,2018-10-28
322,Lynnette,Vyse,F,1966-11-01,Philippines,lvyse8x@springer.com,22yhEnKz,2021-04-21
323,Claudia,Glyde,F,1956-12-29,Portugal,cglyde8y@wp.com,tJqyEuit,2019-06-18
324,Salomon,Mayston,M,2000-04-24,Indonesia,smayston8z@yelp.com,BaVofFdWG,2019-01-06
325,Israel,MacArd,M,1980-09-17,China,imacard90@globo.com,CCMJsa,2019-11-02
326,Iorgo,Upfold,M,1993-08-05,China,iupfold91@histats.com,NEjygAyo,2019-07-17
327,Ardith,Sondon,F,1978-04-29,Sweden,asondon92@technorati.com,Kz3gjraHT7jx,2018-07-28
328,May,Goodswen,F,1994-12-14,Argentina,mgoodswen93@vimeo.com,Rc4CQ2N75z,2020-08-27
329,Damaris,Faudrie,F,1987-01-22,Thailand,dfaudrie94@4shared.com,OpOAiQg32,2022-03-03
330,Moise,Kiss,M,1991-06-13,China,mkiss95@earthlink.net,VXRS0glKt5k,2020-07-12
331,Chevy,aManger,M,2001-04-16,Colombia,camanger96@qq.com,0ZLdlMOeBTR,2021-11-04
332,Mirelle,Waine,F,1966-03-29,Mexico,mwaine97@ted.com,X6ahLoOD,2019-10-23
333,Drusilla,Scandroot,F,2002-04-30,China,dscandroot98@wp.com,kK6KQ5vm,2022-03-17
334,Stefa,Gotfrey,F,1986-12-14,Pakistan,sgotfrey99@nba.com,mrkoYKFdNR,2019-11-18
335,Greta,Butt Gow,F,1950-09-05,Philippines,gbuttgow9a@omniture.com,6772fXk,2018-03-03
336,Oriana,Dunkley,F,2000-07-17,Colombia,odunkley9b@virginia.edu,GRY9NqL0Y,2018-01-27
337,Vlad,Warwick,M,1981-08-02,Costa Rica,vwarwick9c@booking.com,H9wAcx,2020-05-06
338,Teddy,Hanselmann,M,1957-10-23,China,thanselmann9d@webeden.co.uk,x9x0vr9B,2018-05-28
339,Cob,Godbert,M,1994-06-09,Philippines,cgodbert9e@xrea.com,hEbU2G7adM9V,2019-05-11
340,Anastasie,Taile,F,1975-01-14,Indonesia,ataile9f@cnbc.com,Ai2AbHkpGqhZ,2021-10-09
341,Nicoline,Eastgate,F,1982-12-06,Russia,neastgate9g@theguardian.com,a8lrRxPKvr9,2018-06-29
342,Alfy,Zanetello,F,1970-05-05,China,azanetello9h@4shared.com,y0OQWg,2018-04-16
343,Barry,Karlik,M,1963-05-09,China,bkarlik9i@diigo.com,nw5vQGleSLY,2021-03-31
344,Edeline,Patterfield,F,1961-08-19,Indonesia,epatterfield9j@biblegateway.com,kyCPltukUtI6,2021-01-21
345,Clemente,Marushak,M,1951-11-30,Indonesia,cmarushak9k@blogger.com,8WHr1sw,2019-05-22
346,Elias,Millberg,M,1953-09-20,Brazil,emillberg9l@vimeo.com,fmdg3S3g,2018-04-05
347,Tamma,Aindriu,F,1981-02-16,Myanmar,taindriu9m@bizjournals.com,9dinAmgi,2021-06-08
348,Riobard,Berni,M,1978-11-07,Kazakhstan,rberni9n@howstuffworks.com,mHdQFbKgJHUk,2018-12-12
349,Miguela,Rowdell,F,1985-06-08,Nigeria,mrowdell9o@netlog.com,pXoIRaIo9zzq,2021-10-22
350,Abbi,Stuttard,F,2000-12-11,Japan,astuttard9p@latimes.com,ymIaS6vwuDx,2018-12-21
351,Amalle,Rugieri,F,1973-10-05,Portugal,arugieri9q@prnewswire.com,DpmQxRcCsA,2018-10-19
352,Sherlocke,Constantinou,M,1950-02-23,Luxembourg,sconstantinou9r@istockphoto.com,El3YZ5p1,2019-10-04
353,Kerrie,Kubiczek,F,1959-03-14,Czech Republic,kkubiczek9s@pcworld.com,RI0NWRWg,2020-06-16
354,Hope,Rowat,F,1992-09-16,Venezuela,hrowat9t@nyu.edu,it9staVBpN,2018-09-13
355,Opal,Ginglell,F,1972-06-12,Brazil,oginglell9u@google.com,0ASXJOea,2018-04-23
356,Elita,Dannell,F,1988-03-04,China,edannell9v@ibm.com,jFzH5vqg1kA,2022-04-01
357,Linda,Ronaghan,F,1952-07-05,Russia,lronaghan9w@dailymotion.com,nJZOKHF,2018-10-15
358,Derrek,Willshere,M,1971-05-23,China,dwillshere9x@google.es,FiX4jqn,2019-05-17
359,Lolita,Craydon,F,1956-06-16,Ukraine,lcraydon9y@naver.com,VwvBz3ucnq7n,2020-03-17
360,Nan,Merrien,F,1969-08-17,Russia,nmerrien9z@prnewswire.com,G9qMhi2b,2021-09-01
361,Aldus,Smail,M,1952-10-01,China,asmaila0@bloglines.com,447gavJf6g,2019-11-26
362,Dawn,Ewart,F,1952-10-13,Ghana,dewarta1@cafepress.com,Slul5YibV,2020-02-12
363,Doyle,Bleas,M,1980-12-03,Brazil,dbleasa2@upenn.edu,IQBwL1jHAv,2018-07-14
364,Ingemar,Halbeard,M,1954-03-28,Yemen,ihalbearda3@unc.edu,2U3pnyIt,2018-05-30
365,Gris,Jaqueme,M,1997-03-30,Indonesia,gjaquemea4@squidoo.com,Qsf2fF,2021-05-14
366,Glendon,Genty,M,1974-04-30,Canada,ggentya5@hatena.ne.jp,2MakyN,2019-03-13
367,Mabelle,Bowcock,F,1969-02-15,Portugal,mbowcocka6@sourceforge.net,HVYo1ljwntNV,2022-01-02
368,Berenice,Bredgeland,F,2001-10-26,Mexico,bbredgelanda7@blogtalkradio.com,0mj7gS0K,2018-01-28
369,Davie,Braywood,M,1971-06-02,Sweden,dbraywooda8@taobao.com,7bDX4llnR5,2018-07-04
370,Cookie,Eggle,F,2000-08-27,Canada,cegglea9@dedecms.com,cilXd6vf,2018-09-04
371,Damita,Margerison,F,1999-11-02,Indonesia,dmargerisonaa@last.fm,jkaQEnmAr,2019-09-30
372,Kimberlee,Teggin,F,1969-02-04,Malaysia,ktegginab@nymag.com,0mfI0Zledo5F,2021-11-21
373,Piotr,McDuffie,M,1996-07-01,China,pmcduffieac@cnn.com,VD4u0UU39H,2019-02-09
374,Kimberli,Bartolomieu,F,1975-06-06,China,kbartolomieuad@huffingtonpost.com,IG2YIDRT7H,2019-03-11
375,Ikey,Wheater,M,1978-07-31,France,iwheaterae@va.gov,cCUAVrfLC,2020-09-17
376,Raeann,Downes,F,1996-05-11,China,rdownesaf@godaddy.com,tChdtzfL,2021-04-19
377,Caleb,McOwan,M,1977-02-01,China,cmcowanag@homestead.com,MtxCoCgvHPbS,2018-03-28
378,Worthington,Abrahamsson,M,1999-08-06,Sweden,wabrahamssonah@imgur.com,8LfPWlE8,2019-10-13
379,Foss,Aulds,M,1974-08-27,Azerbaijan,fauldsai@hugedomains.com,Ut5X03wV8,2018-07-01
380,Averill,Husthwaite,M,1977-01-07,Indonesia,ahusthwaiteaj@buzzfeed.com,IAFGQWk,2018-12-23
381,Antonius,Austen,M,1974-04-23,China,aaustenak@hatena.ne.jp,r3eA6J7KFVW,2018-10-29
382,Teriann,Ion,F,2001-06-19,Japan,tional@businessweek.com,Gf9EGR,2021-02-16
383,Laney,Mantripp,F,1952-08-21,Guinea-Bissau,lmantrippam@alibaba.com,vY5U0FkE1A,2021-03-04
384,Alden,Upton,M,1953-05-19,China,auptonan@phpbb.com,wJNQyH7WVd6,2020-03-29
385,Kliment,Huncoot,M,1980-05-19,Kenya,khuncootao@tripod.com,RaYGbvTZ,2020-05-31
386,Susi,Bourton,F,1998-08-08,China,sbourtonap@issuu.com,7uxyFG,2021-09-24
387,Kasper,Cloy,M,2001-09-04,Saint Helena,kcloyaq@vk.com,yGGODNv,2020-04-29
388,Johnnie,Deshorts,M,1951-05-01,Portugal,jdeshortsar@qq.com,WpjLFr,2020-07-03
389,Lynett,Richardeau,F,2000-07-14,Russia,lrichardeauas@unblog.fr,CviDcROJMyA,2019-01-13
390,Patrizius,Graybeal,M,1995-08-17,Croatia,pgraybealat@trellian.com,UGVAodMZLbO,2020-01-25
391,Ophelia,Huggins,F,1973-09-24,Laos,ohugginsau@tmall.com,CH5PWII,2020-12-27
392,Lindsy,Bessell,F,1965-12-18,Indonesia,lbessellav@examiner.com,bH55vyPdou,2018-02-16
393,Lanette,Abberley,F,1985-04-11,Botswana,labberleyaw@shop-pro.jp,Z7kuWKevBW2,2021-03-21
394,Jethro,Sinkin,M,1956-10-04,Japan,jsinkinax@netlog.com,3HSgHQWdk3W,2019-07-25
395,Pooh,Furmage,M,1999-11-26,United States,pfurmageay@bbb.org,QZYLAgrU0Ahu,2021-06-09
396,Agnes,Sawrey,F,1970-12-25,Kenya,asawreyaz@newyorker.com,x8HO0e,2019-06-09
397,Abbe,Peidro,M,2000-12-16,Thailand,apeidrob0@addthis.com,IKyOBveVb,2019-04-28
398,Mayne,Cowden,M,1984-09-16,Jamaica,mcowdenb1@hc360.com,VRP2TUPDpA,2018-06-10
399,Cornie,Garling,F,1972-08-16,Brazil,cgarlingb2@paypal.com,UqQepE8TUd,2022-03-15
400,Caspar,MacGuiness,M,2000-03-01,Indonesia,cmacguinessb3@amazonaws.com,Ie5wyi,2019-09-16
401,Maritsa,Zecchini,F,1985-03-25,Russia,mzecchinib4@geocities.com,QHvkd0Wi3,2018-07-17
402,Hedy,Waterson,F,1967-04-13,China,hwatersonb5@fc2.com,HJI9Luhcc8aW,2021-05-03
403,Sauveur,Arend,M,1950-03-23,United States,sarendb6@paginegialle.it,pEOYLWj,2020-03-12
404,Harman,Stanbrooke,M,1956-03-09,China,hstanbrookeb7@cyberchimps.com,0NGUVMq7,2020-06-15
405,Norma,Orae,F,1961-10-17,Indonesia,noraeb8@businessinsider.com,aq2AAViPor,2019-08-14
406,Hillyer,Dimmne,M,1986-01-01,United States,hdimmneb9@yolasite.com,rgs7v0H,2018-01-14
407,Devlin,Charlton,M,1967-01-20,Albania,dcharltonba@usgs.gov,cSmJjvbdMCe,2019-02-04
408,Lauralee,Privett,F,1987-10-04,Colombia,lprivettbb@xinhuanet.com,fv3JCS,2019-12-27
409,Paxton,Swales,M,1990-11-21,China,pswalesbc@shareasale.com,FfxIcCidcdg,2019-01-01
410,Nora,Iglesias,F,1959-11-10,China,niglesiasbd@cnbc.com,9WeSP8bB,2018-03-22
411,Ira,MacCallam,F,1964-06-01,Czech Republic,imaccallambe@flavors.me,WQQAN3,2018-01-19
412,Felice,Askin,M,1969-12-26,Costa Rica,faskinbf@people.com.cn,jDm3VSEGnm,2018-07-16
413,Markus,Borsnall,M,1997-10-14,France,mborsnallbg@miibeian.gov.cn,bbi3k7j0,2021-08-20
414,Tedie,Goard,M,1994-11-17,Czech Republic,tgoardbh@wufoo.com,G1ysu54c6ASk,2020-08-14
415,Isaiah,O'Luby,M,1963-10-22,Chile,iolubybi@toplist.cz,ZUTDzGpe,2020-02-24
416,Eryn,Stonhewer,F,1963-05-14,Philippines,estonhewerbj@ow.ly,yra5cvALGoJS,2019-06-12
417,Osbourn,O'Dooghaine,M,1981-05-31,China,oodooghainebk@ebay.co.uk,8uMnO7vIVr,2020-05-21
418,Laurence,Hallmark,M,1995-02-01,Russia,lhallmarkbl@intel.com,Mremoc9LOu,2022-04-06
419,Smitty,Heitz,M,1956-03-23,Slovenia,sheitzbm@de.vu,fOlbXDkbo6,2019-11-16
420,Bryna,Rekes,F,1988-12-31,India,brekesbn@nymag.com,1ANJA6,2020-02-25
421,Guthrie,Rielly,M,1955-07-11,Yemen,griellybo@springer.com,pyRmqQpgCz,2020-06-05
422,Thelma,Guilloux,F,1953-01-29,China,tguillouxbp@odnoklassniki.ru,6uFvZKNXJT,2019-03-04
423,Sarajane,Eisikovitsh,F,1982-10-07,Philippines,seisikovitshbq@arstechnica.com,ZqGMFK,2019-07-14
424,Karrie,Maffeo,F,1973-12-02,France,kmaffeobr@phoca.cz,xcz6Dcz,2021-12-29
425,Maye,MacFadyen,F,1987-07-19,China,mmacfadyenbs@cargocollective.com,Pw4GhIbIh,2021-09-26
426,Mariellen,Putman,F,1964-10-07,Sweden,mputmanbt@yahoo.co.jp,H579jad,2021-08-13
427,Luther,Ticehurst,M,1976-09-09,Japan,lticehurstbu@google.pl,3RK9oF,2021-04-04
428,Thurston,Fend,M,1981-05-31,France,tfendbv@jalbum.net,Ua6JZn07q1t,2018-06-14
429,Ruy,Ivanichev,M,1993-07-30,China,rivanichevbw@sourceforge.net,wdmvhYmHkQrc,2018-01-28
430,Rourke,Duell,M,1993-01-02,Nigeria,rduellbx@eventbrite.com,BvVf5ulk,2021-05-14
431,Vinita,Favill,F,1962-01-17,China,vfavillby@admin.ch,GuOudPISFTiS,2021-05-28
432,Cristy,Mecco,F,1993-07-28,Philippines,cmeccobz@geocities.jp,SviCpNWe,2019-12-06
433,Evanne,Sharland,F,1956-10-20,Ukraine,esharlandc0@usa.gov,HEccwNsN,2019-04-22
434,Jolie,Whayman,F,1996-01-12,Ecuador,jwhaymanc1@google.co.uk,qZjhRxrbcyTz,2020-12-03
435,Natalina,Wilfling,F,1959-01-26,Macao,nwilflingc2@army.mil,cCL2OYT,2018-08-02
436,Derby,Lawson,M,1991-10-01,China,dlawsonc3@smh.com.au,l4XBf0O5U3OF,2018-05-27
437,Walsh,Titcomb,M,2002-01-01,Cameroon,wtitcombc4@xinhuanet.com,jaO2IXgu6RiH,2020-01-04
438,Leonardo,McCaughey,M,1989-08-20,Czech Republic,lmccaugheyc5@ft.com,bcGKj39Nyy,2020-09-19
439,Cooper,Farloe,M,1978-06-02,Mexico,cfarloec6@xinhuanet.com,Sk5NHTjvT,2019-12-05
440,Orin,Garroway,M,1969-04-22,Greece,ogarrowayc7@nbcnews.com,QFuR5Bfz8cE3,2020-04-18
441,Benni,Soppitt,F,1958-01-19,Canada,bsoppittc8@admin.ch,EXFpchLHYYY,2019-10-31
442,Conrade,Hartridge,M,1998-05-26,China,chartridgec9@hibu.com,ND48SgK,2020-11-05
443,Herbie,McCloy,M,1965-11-20,United States,hmccloyca@techcrunch.com,1USJ5Fiab0,2019-08-08
444,Justina,Laugier,F,1989-09-16,Indonesia,jlaugiercb@example.com,nk9ULEi,2021-03-06
445,Vida,Chanter,F,1985-02-09,China,vchantercc@jigsy.com,D4ZdG2,2021-06-16
446,Imogene,Torry,F,1954-10-16,Brazil,itorrycd@jiathis.com,RkJmnt2XCm2,2019-07-10
447,Catarina,Macknish,F,1982-09-01,Somalia,cmacknishce@altervista.org,EonaU4w8n,2019-09-02
448,Agustin,Dragon,M,1997-11-25,Mexico,adragoncf@utexas.edu,vvQREJu,2018-01-12
449,Farrell,Tunn,M,1994-06-24,Russia,ftunncg@tamu.edu,nipbZXN,2022-02-20
450,Edvard,Seys,M,1979-10-08,Guatemala,eseysch@acquirethisname.com,JoiVSvA,2020-06-24
451,Morlee,Steffens,M,1974-04-26,Japan,msteffensci@macromedia.com,vS0edo9D,2021-07-13
452,Halette,Duffan,F,1966-05-01,Indonesia,hduffancj@sitemeter.com,LOZuHj5P3EB,2021-04-11
453,Elle,Seczyk,F,1987-03-04,Croatia,eseczykck@networksolutions.com,51qwNJ,2018-01-31
454,Helenka,Rannie,F,2002-08-11,United States,hranniecl@woothemes.com,7hDLkgDTT,2019-08-29
455,Chloette,Matthensen,F,1960-01-27,Namibia,cmatthensencm@reddit.com,x8xiwU,2021-09-15
456,Dene,Fawloe,M,1976-02-24,China,dfawloecn@timesonline.co.uk,fAQSybUTo8qS,2018-06-29
457,Agnes,Jackways,F,1997-12-26,Indonesia,ajackwaysco@epa.gov,lj6kETn1A,2018-11-28
458,Bebe,Kinahan,F,1966-02-23,Philippines,bkinahancp@deliciousdays.com,QJlLlxr,2018-07-19
459,Leola,Painter,F,1955-07-07,United States,lpaintercq@gravatar.com,BEkI8oFmj,2021-05-03
460,Oby,Feehely,M,1958-12-31,Portugal,ofeehelycr@51.la,kOMkorr8,2021-02-02
461,Artus,Paeckmeyer,M,1973-09-01,Indonesia,apaeckmeyercs@ft.com,YklguEzh,2021-05-26
462,Evonne,Beaglehole,F,1985-12-30,Serbia,ebeagleholect@chicagotribune.com,Hr6Jy0fuaTLT,2021-09-02
463,Keir,Emmines,M,1953-05-13,Palestinian Territory,kemminescu@mtv.com,DkzNcvz,2022-04-07
464,Dallas,Mougeot,F,1990-08-22,Nigeria,dmougeotcv@businessinsider.com,A7NP6Z0UT,2020-07-30
465,Alon,Joinson,M,1965-03-25,Poland,ajoinsoncw@blogtalkradio.com,ZqHiQYox,2019-05-30
466,Merwyn,Baudoux,M,1967-05-24,Indonesia,mbaudouxcx@gnu.org,a05my3,2018-07-24
467,Johanna,Pre,F,1969-08-30,El Salvador,jprecy@ebay.com,pVHAuoR,2018-08-28
468,Carlin,MacInnes,F,1993-12-15,Pakistan,cmacinnescz@whitehouse.gov,bvpUR0,2021-02-16
469,Leodora,Vannoort,F,1971-08-22,Japan,lvannoortd0@jalbum.net,BZmDkFrcwy,2018-03-27
470,Othilia,Dumbelton,F,1952-03-17,Indonesia,odumbeltond1@uiuc.edu,9iiIUbPLj,2019-05-06
471,Halette,Hairon,F,1961-10-05,Brazil,hhairond2@ed.gov,oqxQ2UtSF,2020-07-02
472,Georgeanna,Hirtz,F,1989-06-16,China,ghirtzd3@admin.ch,Da8Jz97,2019-10-23
473,Colas,Athelstan,M,1991-07-16,China,cathelstand4@4shared.com,bKWnhWOcC,2018-05-14
474,Gerik,Mushet,M,1967-07-10,Peru,gmushetd5@jugem.jp,2eOCuWc7Wk0O,2019-04-22
475,Asher,Beverstock,M,1983-12-20,China,abeverstockd6@aol.com,HPzG44ya,2019-06-09
476,Arthur,Ledeker,M,1971-10-29,South Korea,aledekerd7@dmoz.org,lWFhJHrV9C2B,2021-11-03
477,Juditha,Planque,F,1954-08-25,Iran,jplanqued8@rakuten.co.jp,S1zjr9EzUWO,2019-06-02
478,Hercule,Spandley,M,1970-01-07,China,hspandleyd9@mysql.com,U7RFtxem,2018-05-10
479,Tailor,Briskey,M,1964-08-14,Spain,tbriskeyda@auda.org.au,JanbBkUHsjF,2018-01-30
480,Julie,Raincin,F,2003-02-11,Jordan,jraincindb@dyndns.org,2jOe6Z,2020-10-21
481,Elwira,Louche,F,1972-12-02,China,elouchedc@posterous.com,FtaosfdFGA,2021-12-14
482,Dennet,Hothersall,M,1963-07-09,Sweden,dhothersalldd@youtube.com,ziEmdGVrrCyX,2019-08-02
483,Gram,Kyme,M,1985-10-07,Brazil,gkymede@opera.com,qv2ocazC,2018-05-08
484,Maressa,Battany,F,1974-03-09,Zimbabwe,mbattanydf@unesco.org,lKskFUyLE4DP,2019-11-09
485,Hymie,Brevetor,M,2003-03-08,Indonesia,hbrevetordg@patch.com,YWgv6Mu,2021-08-31
486,Colas,Lyosik,M,1989-02-03,Haiti,clyosikdh@msn.com,oPQdedvtD9O,2020-10-14
487,Jody,Eisikowitz,F,1956-04-23,Philippines,jeisikowitzdi@alibaba.com,9rMB4lH,2020-07-21
488,Verne,Cumbers,M,1983-06-04,Ukraine,vcumbersdj@ox.ac.uk,YVlW9b,2021-12-28
489,Lorita,Schust,F,1958-05-18,Armenia,lschustdk@nhs.uk,6ztV1P,2019-05-10
490,Hilde,Matuskiewicz,F,1971-09-19,Serbia,hmatuskiewiczdl@weather.com,UxB0japqdh1s,2021-06-11
491,Bettine,Moules,F,1989-07-27,Portugal,bmoulesdm@barnesandnoble.com,duT51lLIpvy,2020-11-14
492,Hannis,Stickel,F,1996-02-24,Poland,hstickeldn@ebay.co.uk,yndDoBWw9i,2019-07-21
493,Tom,Armal,M,1960-04-05,Czech Republic,tarmaldo@yolasite.com,0hGbDaOVoHy,2022-02-24
494,Conway,Horrigan,M,1953-11-16,Lithuania,chorrigandp@ehow.com,Kgy9nj,2018-01-28
495,Leo,Hector,M,1971-12-27,Finland,lhectordq@ted.com,umkGk4fiBByn,2020-10-16
496,Kylynn,Hendonson,F,1974-01-09,Bulgaria,khendonsondr@cargocollective.com,ehw1XtvimS2,2020-03-12
497,Jethro,Guitte,M,1976-07-20,Armenia,jguitteds@com.com,dWwhcO08V,2021-05-14
498,Tiffi,Tonbye,F,1985-01-06,Japan,ttonbyedt@google.com.hk,5NDXsEQ,2020-12-14
499,Robinia,Laurentin,F,1954-05-11,Syria,rlaurentindu@narod.ru,egtvU6mIcPh,2019-10-09
500,Batsheva,Curran,F,1956-02-27,Russia,bcurrandv@google.es,eCgdmWwIbH,2020-10-04
501,Kay,Goodacre,F,1978-10-21,Poland,kgoodacredw@ox.ac.uk,Dy9nEievuP4,2019-10-25
502,Emeline,Le Pine,F,1968-11-03,Indonesia,elepinedx@goodreads.com,DkkU7A,2018-10-20
503,Gisella,Ronca,F,1986-10-20,Sweden,groncady@godaddy.com,2ja1LyPb,2021-04-23
504,Scot,L'Hommeau,M,1962-12-28,Canada,slhommeaudz@wikia.com,Q2Xb3aQIWwAs,2018-02-07
505,Stacy,Fairbrace,F,1985-05-15,China,sfairbracee0@purevolume.com,yTJSEA,2018-06-15
506,Vida,Tetlow,F,1965-04-23,Russia,vtetlowe1@istockphoto.com,VmGurE2vy,2021-04-26
507,Webb,Brice,M,1976-09-15,China,wbricee2@ucla.edu,Q1zxauFZ,2021-04-28
508,Bradley,Ragborne,M,1975-07-23,Colombia,bragbornee3@shareasale.com,NtYprBBJkmWj,2020-01-19
509,Pen,Boissieux,F,1987-02-24,Indonesia,pboissieuxe4@go.com,Sz0SJDMz,2020-09-04
510,Stevana,O'Spillane,F,1990-06-04,France,sospillanee5@bigcartel.com,CfYjA03K8xJV,2020-05-03
511,Travers,Shadfourth,M,1967-04-17,Sweden,tshadfourthe6@home.pl,aox1kWt8,2019-11-29
512,Arie,Mellody,M,2002-01-01,Indonesia,amellodye7@ibm.com,2RR2F2si6,2019-08-03
513,Mei,Vasic,F,1999-11-01,China,mvasice8@boston.com,biK6CQmuo,2022-01-26
514,Donnell,O'Sesnane,M,1966-06-18,Russia,dosesnanee9@hc360.com,n94mSv5MVm,2021-03-30
515,Wilfrid,Brunstan,M,1983-04-18,Czech Republic,wbrunstanea@canalblog.com,bKW3tyj,2019-07-07
516,Marianne,Heyball,F,1984-09-16,United States,mheyballeb@cloudflare.com,POXf2vRv3,2019-01-08
517,Carlita,McCluin,F,1975-05-06,Poland,cmccluinec@nymag.com,y6tzBb0,2018-10-23
518,Edwin,Branscombe,M,2003-07-25,Greece,ebranscombeed@pinterest.com,PbJx4feH,2019-03-17
519,Kizzee,Ramsell,F,1959-10-07,Malaysia,kramsellee@bbb.org,jkQymkDOGmrA,2018-09-12
520,Nonie,Turfitt,F,1956-06-03,Peru,nturfittef@scientificamerican.com,TUIlzhXlGx6,2018-04-02
521,Cristie,Giblin,F,1953-11-15,South Africa,cgiblineg@unicef.org,0r3jUTLyV,2019-12-17
522,Brina,Alentyev,F,1987-10-18,Portugal,balentyeveh@yahoo.com,VjnMhB2CRVfn,2019-04-24
523,Ginnie,Dixcee,F,1957-02-09,Sweden,gdixceeei@gizmodo.com,69PXliYIwO5T,2021-08-07
524,Ronalda,Rendall,F,1994-08-02,Mongolia,rrendallej@ning.com,QlLix1MRpDJo,2020-04-22
525,Dewitt,O' Culligan,M,1981-02-20,China,doculliganek@twitter.com,Wqd2u9,2019-04-13
526,Kerwinn,Rodolico,M,1966-07-27,Vietnam,krodolicoel@oracle.com,WVGYGbn5VzZP,2020-10-18
527,Gayla,Le Brun,F,1967-08-22,Micronesia,glebrunem@quantcast.com,N8msoTR,2020-04-11
528,De witt,Druery,M,1995-09-11,Uzbekistan,ddrueryen@newyorker.com,mGbJVbCo,2020-10-29
529,Lawry,Ludgrove,M,1999-07-11,Barbados,lludgroveeo@multiply.com,VyOYcPK,2019-11-26
530,Tomasina,Espinoza,F,1954-05-23,San Marino,tespinozaep@blogs.com,4DXVDwJ,2020-02-02
531,Carmela,Echalier,F,2001-08-21,Bosnia and Herzegovina,cechaliereq@umn.edu,JmNTaF,2021-07-06
532,Chas,Leadbeatter,M,1982-10-16,Dominican Republic,cleadbeatterer@devhub.com,g4E3WN84ZFr,2021-09-17
533,Ber,Carlton,M,1996-06-27,Philippines,bcarltones@geocities.com,T83DG3qA0tkf,2020-12-27
534,Berny,Boni,M,1959-11-19,Germany,bboniet@goodreads.com,IOclfhJKuC,2020-10-10
535,Decca,MacLaig,M,1996-06-21,China,dmaclaigeu@comcast.net,wLDkIKAbrf,2019-09-24
536,Melany,Alen,F,1991-05-16,France,malenev@redcross.org,z5Ht2VY2L,2019-06-17
537,Kevon,Banting,M,1970-05-19,Philippines,kbantingew@weibo.com,o9D4nC,2019-12-30
538,Kristine,Gosford,F,1988-05-21,Albania,kgosfordex@senate.gov,0oKkHE8Je,2018-01-01
539,Nap,Muzzlewhite,M,1960-05-02,Ukraine,nmuzzlewhiteey@posterous.com,9iKJTU27H,2018-11-24
540,Delphinia,Balston,F,1988-10-15,Philippines,dbalstonez@salon.com,bOjRmD,2020-09-02
541,Suzanne,Edgler,F,1973-05-17,Egypt,sedglerf0@cdc.gov,pgFutzj,2021-06-09
542,Carolan,Stapforth,F,1985-08-02,Serbia,cstapforthf1@tripadvisor.com,t6DOyoK44h4,2019-02-01
543,Dotti,Dawby,F,1966-01-30,Vietnam,ddawbyf2@ft.com,RbPEN8CGo,2018-02-13
544,Heidi,Onion,F,1951-04-27,Egypt,honionf3@bbc.co.uk,Gmygh7EFLzuF,2019-11-14
545,Imojean,Hatch,F,1970-12-09,United Kingdom,ihatchf4@parallels.com,yVlK2wSULlD8,2019-09-16
546,Jeno,Clarke,M,1990-07-27,Indonesia,jclarkef5@state.gov,8SL4woXV,2022-03-17
547,Mace,Johanssen,M,1979-11-25,South Korea,mjohanssenf6@reference.com,HAtdXn,2020-09-25
548,Robina,Flecknoe,F,1969-01-15,France,rflecknoef7@about.com,pmhWznAKw,2021-02-07
549,Rosaline,Drew-Clifton,F,1955-08-27,Czech Republic,rdrewcliftonf8@dyndns.org,1xpXd0XPF5g,2020-09-17
550,Denyse,Martinelli,F,1975-11-25,China,dmartinellif9@zdnet.com,OoaTnrt9C,2019-11-10
551,Barris,Tallon,M,1952-08-23,Indonesia,btallonfa@dedecms.com,SVPGnt9z,2019-05-21
552,Conrado,Macallam,M,1979-08-19,Russia,cmacallamfb@zdnet.com,CsMqwy8i7J,2021-05-06
553,Basile,Sappson,M,1982-09-06,Brazil,bsappsonfc@washingtonpost.com,5FfjYH,2021-06-16
554,Felicio,Koppke,M,2001-02-04,Thailand,fkoppkefd@stumbleupon.com,jmyUMauftEO,2021-02-28
555,Trueman,Giannini,M,1958-12-24,Mongolia,tgianninife@bloglovin.com,9hLqvVvDm0,2021-09-23
556,Adelheid,Sterke,F,1984-07-20,China,asterkeff@europa.eu,xIHcDwEvE1Uj,2021-04-03
557,Josselyn,Bedding,F,1995-12-01,China,jbeddingfg@merriam-webster.com,5qyalAd,2018-05-20
558,Marita,Shawyer,F,1998-01-23,Russia,mshawyerfh@cnn.com,l3RGHvTwTt,2021-09-07
559,Ruprecht,Hassewell,M,1996-02-02,Japan,rhassewellfi@mac.com,PrigjQVWK,2021-02-07
560,Mallorie,Shelp,F,1994-04-25,Portugal,mshelpfj@noaa.gov,uPPdXF4SBd6m,2018-01-23
561,Adelaide,Hardway,F,1993-12-18,Denmark,ahardwayfk@weather.com,3m7H46,2019-04-14
562,Inger,Konrad,M,1978-07-19,Bulgaria,ikonradfl@springer.com,MjszULtktwGZ,2019-04-22
563,Alphonse,Sandars,M,1956-02-05,China,asandarsfm@yale.edu,RIvtzgCqkUP,2021-10-14
564,Rad,O'Donnelly,M,1984-11-01,Argentina,rodonnellyfn@tamu.edu,OXVzH2maU,2018-09-21
565,Maris,Redfield,F,1990-08-21,China,mredfieldfo@ycombinator.com,N4KdMxtHn,2019-10-20
566,Kalil,Ballam,M,1968-08-04,Indonesia,kballamfp@census.gov,TkjLsrPuENcJ,2021-01-20
567,Rufe,Ridges,M,1999-11-03,Thailand,rridgesfq@vkontakte.ru,M1CDHE,2018-02-02
568,Reinhold,MacClenan,M,1998-06-07,Mexico,rmacclenanfr@sitemeter.com,h3yGMDjc,2020-01-21
569,Ingaberg,McInally,F,2000-11-17,Indonesia,imcinallyfs@ezinearticles.com,tqoRksAZlTga,2018-01-22
570,Fanechka,Martusov,F,1961-12-31,Indonesia,fmartusovft@nyu.edu,MphYetTOL,2022-02-27
571,Hestia,Mattis,F,2002-11-21,Brazil,hmattisfu@umn.edu,OTSa6P,2019-11-01
572,Silas,Kelby,M,1997-04-09,China,skelbyfv@uiuc.edu,wfjktUQJ,2018-04-12
573,Madelene,Strange,F,1974-03-20,China,mstrangefw@nps.gov,bSwURD,2019-04-12
574,Emera,Boosey,F,1997-11-13,Norway,ebooseyfx@seesaa.net,GpuZBM,2020-09-11
575,Rockey,Chander,M,1979-03-05,Russia,rchanderfy@nps.gov,OWqYDDhmK0,2019-11-12
576,Bebe,Dillicate,F,1950-04-29,Sweden,bdillicatefz@si.edu,vU45s9g2Qwap,2021-11-14
577,Lotte,Vallentine,F,1953-03-16,South Africa,lvallentineg0@github.io,1SbhEuka,2019-11-09
578,Jennette,Revey,F,1965-06-17,Russia,jreveyg1@wikipedia.org,ws07dPo,2020-07-08
579,Rahal,Slides,F,1958-12-07,China,rslidesg2@about.me,X0C2P9,2018-07-04
580,Ellswerth,Reimer,M,1994-11-22,Philippines,ereimerg3@vinaora.com,pqUMbVn44L,2020-02-20
581,Almire,Sibery,F,1953-10-07,Azerbaijan,asiberyg4@multiply.com,OMkAY6Grn,2020-01-12
582,Tynan,Bernardeau,M,1984-08-31,China,tbernardeaug5@etsy.com,9k6zjOi,2021-05-25
583,Fidelio,Bladesmith,M,1964-04-27,Kosovo,fbladesmithg6@1und1.de,zulImTwq,2019-07-03
584,Tiebold,Habbeshaw,M,1999-08-18,Honduras,thabbeshawg7@weibo.com,dqmnqsQewmV,2021-05-06
585,Zackariah,Siely,M,1999-02-18,Russia,zsielyg8@unc.edu,Mqq3APlF5AH,2019-06-17
586,Joya,Daniell,F,1973-03-11,Kazakhstan,jdaniellg9@arstechnica.com,ngitljK0Yu,2020-02-05
587,Cozmo,Marsay,M,1972-08-12,China,cmarsayga@purevolume.com,v1DSiX1,2020-10-27
588,Maurine,Pantridge,F,1974-06-23,Uganda,mpantridgegb@freewebs.com,J9G7I1,2019-03-30
589,Sonnnie,Maycock,F,1973-12-08,South Africa,smaycockgc@paginegialle.it,7K9Pv4,2019-02-26
590,Zulema,Todarini,F,1982-03-03,South Korea,ztodarinigd@ucsd.edu,3JjLZRdgaiR,2019-10-09
591,Cecilio,Rubenov,M,1976-09-24,Mexico,crubenovge@webmd.com,EFgOavhTML3,2019-02-25
592,Lennie,Covendon,M,1985-04-15,Madagascar,lcovendongf@cbsnews.com,N9ZxHC2I,2022-01-21
593,Orazio,McEnery,M,1972-06-06,Israel,omcenerygg@netlog.com,7JRiEiG,2021-08-08
594,Clyve,Minors,M,1964-01-04,China,cminorsgh@constantcontact.com,UfUxrmZ,2019-01-09
595,Lowrance,Really,M,1966-08-16,Russia,lreallygi@census.gov,tWxy4jqx4Ek,2019-10-17
596,Ertha,Crier,F,1985-02-08,Jamaica,ecriergj@usgs.gov,St9F61Ig91pu,2021-09-30
597,Burty,Feechan,M,1965-04-21,China,bfeechangk@vk.com,2JGDjS5rfROe,2020-01-02
598,Aldric,Maccaddie,M,1984-02-21,China,amaccaddiegl@psu.edu,pHTBzrgz,2018-03-22
599,Margarette,Thatcham,F,1957-12-30,Philippines,mthatchamgm@edublogs.org,OtbmHaeS662t,2022-03-27
600,Kelli,Ongin,F,1963-08-11,Democratic Republic of the Congo,kongingn@cafepress.com,2m9lcAs,2019-02-08
601,Montague,Broz,M,1986-12-29,Ivory Coast,mbrozgo@illinois.edu,wfS9ACS,2021-12-03
602,Claudia,Caramuscia,F,1974-06-23,Philippines,ccaramusciagp@comcast.net,eo7WFX,2018-04-16
603,Kamilah,Jukubczak,F,1970-04-28,Israel,kjukubczakgq@amazon.co.uk,OHMS4UDJjsc,2018-03-04
604,Enriqueta,Chave,F,1964-10-23,Philippines,echavegr@networkadvertising.org,FJ8XMu5W83,2019-07-31
605,Fawn,Le Sieur,F,1997-12-18,Japan,flesieurgs@spotify.com,a2AnYa,2020-05-26
606,Brannon,McFater,M,1965-01-29,China,bmcfatergt@oaic.gov.au,qXerHdkiDCu,2020-08-20
607,Kacy,Culp,F,1970-03-29,Russia,kculpgu@ezinearticles.com,IgbdGIvJ,2018-01-28
608,Parker,Dotson,M,1959-06-23,France,pdotsongv@booking.com,dZ5u5rQ,2019-01-23
609,Nariko,Sturdgess,F,1989-08-10,Russia,nsturdgessgw@yahoo.co.jp,DbR0yeYK,2018-12-09
610,Dannie,Feacham,M,2000-03-04,Russia,dfeachamgx@prweb.com,LrtYuHLcKDL9,2019-02-13
611,Elwyn,Orman,M,1967-09-13,Canada,eormangy@businessweek.com,1uUPCpoFd6nZ,2021-12-10
612,Jaquelin,Pirelli,F,2000-11-30,Portugal,jpirelligz@yale.edu,uooq3lq7lOn,2022-01-28
613,Doti,O'Cannon,F,1953-11-14,Colombia,docannonh0@baidu.com,af47CWmkLt,2019-03-15
614,Kathleen,Ovitz,F,1964-07-18,Portugal,kovitzh1@umn.edu,pAyU6KxghP2,2018-03-30
615,Benni,Hinners,F,1950-03-04,Russia,bhinnersh2@cpanel.net,fy1Hsz6u25yU,2020-10-18
616,Ricky,MacAlinden,F,1966-11-15,Russia,rmacalindenh3@hubpages.com,vFdkYEMTHJ,2019-08-21
617,Cristionna,Emmanuel,F,1995-08-02,Peru,cemmanuelh4@ning.com,BfY1Y9Iy2JqU,2018-01-08
618,Cleo,Zorzoni,F,1950-05-17,Sweden,czorzonih5@elegantthemes.com,MhR6AX5J,2021-03-13
619,Arie,Keemer,M,1951-02-07,China,akeemerh6@google.co.uk,UhMm96dc,2018-06-13
620,Sibylla,Stairmond,F,1954-05-31,Indonesia,sstairmondh7@reverbnation.com,5D3d9V0QY6,2019-11-12
621,Godart,Menlow,M,1987-08-29,Philippines,gmenlowh8@technorati.com,Lirkkh53,2020-02-11
622,Rosabella,Toe,F,1962-01-02,Indonesia,rtoeh9@sina.com.cn,Ncxx1vWJ1FW,2019-11-25
623,Noak,Graundisson,M,1974-09-29,Venezuela,ngraundissonha@techcrunch.com,QXo2Mjl,2021-09-28
624,Irena,Karel,F,1955-01-30,China,ikarelhb@qq.com,U8e0uB8cSmEa,2022-03-25
625,Binni,Diperaus,F,1973-03-21,Russia,bdiperaushc@lycos.com,H3J4Q9Zo,2018-12-28
626,Ingunna,Shreeve,F,2003-07-27,Nigeria,ishreevehd@gov.uk,AkHKPq16nLa,2021-03-23
627,Thornton,Cogger,M,1968-05-09,Philippines,tcoggerhe@ucoz.com,Yo5UIP2n,2021-11-17
628,Judi,Petofi,F,1965-12-19,Poland,jpetofihf@nydailynews.com,SLR3jf92,2021-12-09
629,Sherline,Heine,F,1999-11-01,Egypt,sheinehg@go.com,U6f4Rrsdc,2018-01-05
630,Liana,Sinderson,F,1960-01-17,Egypt,lsindersonhh@is.gd,ZjGREteNv,2021-10-12
631,Padriac,McAteer,M,1993-05-30,China,pmcateerhi@fda.gov,NNRXsqdxGHR1,2018-10-04
632,Waldemar,Lipson,M,1959-12-30,Philippines,wlipsonhj@is.gd,TopnvxAFOlTZ,2018-09-13
633,Dion,Crebott,F,1978-05-25,Afghanistan,dcrebotthk@google.cn,QLboJKHHlk8,2021-07-11
634,Cynthie,Chiplen,F,1989-02-05,Thailand,cchiplenhl@edublogs.org,40hESQ,2021-06-23
635,Ilka,Banville,F,1982-11-29,Mexico,ibanvillehm@xinhuanet.com,3jjA9w,2020-04-14
636,Shanan,Lehenmann,M,1978-12-15,Thailand,slehenmannhn@nih.gov,CL3wPnDwKr,2019-09-26
637,Chancey,Kinvig,M,2003-12-28,Poland,ckinvigho@vkontakte.ru,PqLkgprJdhwN,2021-07-29
638,Candy,Esby,F,1957-10-27,Indonesia,cesbyhp@reddit.com,7wyfiMsGN,2018-05-29
639,Joella,Hollidge,F,1979-10-28,China,jhollidgehq@un.org,HMT5JmnQ,2018-12-04
640,Ker,Laville,M,2000-10-24,China,klavillehr@whitehouse.gov,k3pGXo,2018-10-21
641,Cherye,Jorden,F,1972-12-18,Poland,cjordenhs@plala.or.jp,yPdHWST,2022-03-19
642,Wolfy,Sullens,M,1967-03-19,Indonesia,wsullensht@cocolog-nifty.com,fDaQsM,2019-12-24
643,Myca,Muslim,M,1994-02-14,Yemen,mmuslimhu@mtv.com,yIadXD,2022-04-01
644,Clem,MacBrearty,M,1978-03-30,Tunisia,cmacbreartyhv@blogspot.com,Q8OaCZ3GP,2020-04-05
645,Phil,Blowes,F,1998-12-22,Portugal,pbloweshw@accuweather.com,hWMNHeGgPWtz,2021-08-12
646,Cello,Brogden,M,1962-12-23,Indonesia,cbrogdenhx@java.com,hKTxG6,2021-07-21
647,Petronilla,Lewsie,F,1966-09-02,China,plewsiehy@shutterfly.com,L46ycjp,2018-03-12
648,Junina,Agett,F,1953-01-05,China,jagetthz@bloglovin.com,Ge1dWL9uhS,2022-03-27
649,Sybille,Churches,F,1999-05-02,Madagascar,schurchesi0@auda.org.au,aH57x3idyirm,2021-07-24
650,Dionne,Ibarra,F,1997-04-21,Brazil,dibarrai1@wordpress.com,mQ6bZiuH3,2018-08-26
651,Rollo,Bartosch,M,1996-03-20,China,rbartoschi2@google.com.hk,Qbw9OAwVFnKG,2018-09-15
652,Deirdre,Angric,F,1985-09-21,China,dangrici3@microsoft.com,Oq4Aph7wmmW,2018-11-10
653,Chan,Kelsey,M,1967-11-05,Czech Republic,ckelseyi4@mashable.com,indAR7pYDRxf,2018-01-13
654,Nico,Gomery,M,1994-07-09,Czech Republic,ngomeryi5@surveymonkey.com,g02441kvbfPI,2020-09-08
655,Ashil,Apedaile,F,1979-02-01,Sweden,aapedailei6@nifty.com,mGNKdmPSSEEc,2020-05-11
656,Neel,Dobbing,M,2000-09-26,Indonesia,ndobbingi7@ameblo.jp,rqeZxg0dw5C8,2021-09-26
657,Bren,Masseo,M,1976-02-16,Zambia,bmasseoi8@blogtalkradio.com,QP5sHgQCKWK,2020-08-18
658,Lief,Tomblett,M,1990-11-26,Indonesia,ltombletti9@craigslist.org,jLyyaPGOHbze,2019-07-26
659,Kendra,Gaspard,F,1955-12-19,Peru,kgaspardia@vistaprint.com,u3bZ9H1o6,2019-03-11
660,Luis,Volante,M,1983-12-04,China,lvolanteib@adobe.com,pOYYFjT,2022-02-20
661,Gaile,Caplen,M,1972-09-17,Indonesia,gcaplenic@wufoo.com,c5e6E0kmBpn,2019-11-08
662,Brinna,Alldre,F,1974-04-20,Portugal,balldreid@wikimedia.org,8ap3GPGKTBd,2021-04-17
663,Darbie,Betterton,F,1987-03-31,United States,dbettertonie@ebay.co.uk,HsKYX3JL,2021-08-30
664,Monah,Cosbey,F,1980-01-23,Norway,mcosbeyif@amazon.co.jp,ThD48o,2018-03-14
665,Baxy,Vasilov,M,1979-05-10,Nigeria,bvasilovig@wix.com,cYtwp90O,2018-05-22
666,Chantalle,Mauro,F,1971-03-03,Armenia,cmauroih@is.gd,ANHnCM,2021-05-09
667,Dorita,Crosscombe,F,1986-10-28,Japan,dcrosscombeii@springer.com,HskwhYdXKR,2020-05-01
668,Fayth,Copper,F,1988-07-31,Israel,fcopperij@wisc.edu,YPn2xo,2019-01-20
669,Web,Bartlomiej,M,1955-11-17,China,wbartlomiejik@amazon.co.uk,V479MqMB,2019-12-24
670,Cinderella,Trask,F,1956-08-26,Poland,ctraskil@nih.gov,TVRUyY,2021-12-30
671,Zeb,Lamond,M,1953-12-31,Antigua and Barbuda,zlamondim@constantcontact.com,efkGK0Sh,2022-02-21
672,Gilberta,Folliott,F,1973-01-07,China,gfolliottin@mapquest.com,8I0Dz5JMgv,2021-07-09
673,Othilia,Yoxall,F,1965-06-21,Morocco,oyoxallio@vkontakte.ru,beCpIb4ov,2022-01-24
674,Daffy,Aireton,F,1982-12-18,Malta,dairetonip@google.com.au,3IfC69GeI,2019-06-27
675,Anastasia,MacElharge,F,1951-05-12,Gambia,amacelhargeiq@elpais.com,AbvT77y,2018-03-21
676,Laurence,Bahlmann,M,1961-09-24,Thailand,lbahlmannir@google.cn,ofkTKp8X2Ew,2018-08-19
677,Curtis,Wardhaw,M,1992-02-09,Indonesia,cwardhawis@odnoklassniki.ru,Z5aFpG,2021-01-24
678,Amalea,McDermot,F,1997-11-04,Democratic Republic of the Congo,amcdermotit@forbes.com,gEARqJ8Q,2021-06-13
679,Otis,Hannaby,M,1952-07-09,China,ohannabyiu@tripod.com,EtSsxS,2019-02-11
680,Leonelle,Capner,F,1979-05-13,Peru,lcapneriv@nasa.gov,tEq6tpJv,2018-12-17
681,Basia,Ivanets,F,1956-02-06,Russia,bivanetsiw@soundcloud.com,PElir4L4A,2021-03-27
682,Tobin,Khomin,M,1969-03-17,Denmark,tkhominix@pbs.org,pCFH5hYA,2020-01-11
683,Thelma,Devanney,F,1979-08-18,China,tdevanneyiy@unc.edu,5Qq1vrozozXn,2020-01-12
684,Nicolai,Jeckell,M,1972-03-27,Portugal,njeckelliz@merriam-webster.com,Za3HAqWuoZ,2019-08-06
685,Elwyn,Ablett,M,1987-04-12,Niger,eablettj0@xinhuanet.com,FrWgjnvzA3,2020-10-17
686,Worden,Rawnsley,M,1983-10-05,Indonesia,wrawnsleyj1@dot.gov,WkgHuLroXY,2021-03-01
687,Lorine,Quiddington,F,2000-02-06,Brazil,lquiddingtonj2@ovh.net,ecJoHQhOt4,2018-07-06
688,Werner,Faireclough,M,1994-07-04,Peru,wfairecloughj3@tinypic.com,mJ8LS3,2021-01-05
689,Freida,Hess,F,1976-04-27,Brazil,fhessj4@oakley.com,aPjHHxnNF,2019-08-15
690,Neale,Gartenfeld,M,1985-08-08,Philippines,ngartenfeldj5@google.es,pqpBnrfE,2022-02-01
691,Adorne,Stearnes,F,1966-10-22,Brazil,astearnesj6@economist.com,171Mh8Hb,2018-10-16
692,Alex,Paulich,M,1985-02-15,Argentina,apaulichj7@hao123.com,MUx4ZKz,2018-02-18
693,Lil,Luker,F,1952-11-15,United Arab Emirates,llukerj8@booking.com,zFHofr03WWA,2021-01-18
694,Bianca,Mac,F,1986-02-23,Brazil,bmacj9@surveymonkey.com,fRAKhZvy1uP,2021-02-05
695,Pate,Tams,M,1954-10-22,China,ptamsja@abc.net.au,JqVfjrqfJCR,2018-12-08
696,Dare,Lavalde,M,1995-08-05,Sweden,dlavaldejb@cloudflare.com,pFny28,2019-06-19
697,Jamima,Tumbridge,F,1960-08-23,China,jtumbridgejc@diigo.com,PPcFc7A9,2020-10-09
698,Arlan,Roycraft,M,1992-03-02,Czech Republic,aroycraftjd@opera.com,uCQIbe6042,2020-03-16
699,April,Mompesson,F,1955-01-19,China,amompessonje@livejournal.com,VfDJBOQo,2019-06-10
700,Larisa,Amsberger,F,1967-07-13,Russia,lamsbergerjf@privacy.gov.au,NMZzPDEJ,2018-02-09
701,Maurice,Choffin,M,1952-09-23,China,mchoffinjg@mlb.com,9r29d2smY,2020-06-23
702,Carmela,Gritton,F,1986-11-01,Philippines,cgrittonjh@usgs.gov,yQmur2H8MZy6,2018-08-19
703,Ezri,Battye,M,1961-03-02,United States,ebattyeji@narod.ru,qqK4x58,2020-06-18
704,Shelden,Millott,M,1964-03-07,Israel,smillottjj@google.fr,0y8aOUE,2018-01-06
705,Ara,Arkell,M,1967-12-02,China,aarkelljk@youtube.com,RVOALoSdobv,2019-03-05
706,Onfre,Goade,M,1999-10-18,Tunisia,ogoadejl@mtv.com,xsyAM4Y68fG,2020-10-26
707,Ardenia,Gaymer,F,1962-06-01,China,agaymerjm@dailymotion.com,rtIZDN,2018-06-11
708,Saw,Bingley,M,1982-11-01,France,sbingleyjn@rambler.ru,kQEcchqlz,2019-02-14
709,Juliette,Broadbury,F,1958-07-24,United States,jbroadburyjo@t.co,BTbpNMRovawb,2021-10-19
710,Sophronia,Kirby,F,1996-05-25,China,skirbyjp@fc2.com,FypLlDfUkI,2021-07-12
711,Blinny,Tustin,F,1960-10-30,Sweden,btustinjq@java.com,457QiGSH,2022-03-10
712,Wilmette,Killerby,F,1998-09-01,Sweden,wkillerbyjr@biglobe.ne.jp,9r2YLGKup362,2018-11-21
713,Farrah,Lionel,F,1961-09-17,China,flioneljs@desdev.cn,5AamVf,2019-01-20
714,Alyss,Sheasby,F,1974-05-14,Macedonia,asheasbyjt@posterous.com,X3cJxDNpQ,2018-06-04
715,Pepito,Nutkins,M,1997-02-07,Canada,pnutkinsju@is.gd,7AuKRn2lFFl,2018-02-08
716,Oby,Rutgers,M,1973-10-20,Poland,orutgersjv@google.co.jp,34zoAfyA,2022-01-18
717,Constancia,Hampshaw,F,1990-01-16,Indonesia,champshawjw@wp.com,lR2Lo5UKr7,2020-04-20
718,Mathilde,Vivash,F,1998-10-17,Vietnam,mvivashjx@tmall.com,tQCiA2PxS,2020-01-24
719,Brynn,Kiernan,F,1953-11-02,Indonesia,bkiernanjy@answers.com,sWjxyRSoiTHa,2019-11-09
720,Fletcher,Slocom,M,1970-06-26,Indonesia,fslocomjz@nature.com,pQDh3uvCoO2x,2021-12-13
721,Yoko,Buckeridge,F,1993-04-19,Netherlands,ybuckeridgek0@rakuten.co.jp,aLktCRA,2020-11-04
722,Glenine,Traice,F,1989-08-21,China,gtraicek1@unesco.org,GeO94z,2019-04-17
723,Artur,Frede,M,1999-05-16,Poland,afredek2@biglobe.ne.jp,N1K9FdV,2020-09-22
724,Terrie,Pennick,F,1958-07-01,Indonesia,tpennickk3@reddit.com,S4MQWs6,2018-09-14
725,Robers,Gaven,M,1989-11-21,South Africa,rgavenk4@webeden.co.uk,4SznkP,2020-03-06
726,Maire,Matuskiewicz,F,2002-02-28,China,mmatuskiewiczk5@engadget.com,vLvhsTbAwZSd,2020-01-07
727,Cristen,Serrell,F,1982-02-14,Greece,cserrellk6@comsenz.com,y2uHyx4uuZUO,2018-05-22
728,Benny,Easman,M,1991-03-21,Russia,beasmank7@cargocollective.com,0tjRSGgtz,2022-01-19
729,Jamesy,Chawner,M,1957-07-29,Peru,jchawnerk8@mlb.com,L2TOjYV,2020-02-12
730,Humfrid,Creddon,M,2004-03-21,Argentina,hcreddonk9@trellian.com,8gicuZ95IN,2019-09-06
731,Billie,Feldfisher,M,1976-02-26,Argentina,bfeldfisherka@cnet.com,nFJjDy33j7ru,2019-06-15
732,Renae,Rockliffe,F,1973-01-08,Canada,rrockliffekb@friendfeed.com,OWLI2gfx,2018-07-14
733,Gav,Pegden,M,1972-04-07,China,gpegdenkc@nih.gov,8gUSOn,2018-06-20
734,Patty,Thoumas,M,1976-03-03,Indonesia,pthoumaskd@github.com,KqYRziMTHx,2021-08-24
735,Marie-ann,Laffoley-Lane,F,1972-11-11,China,mlaffoleylaneke@cnn.com,0oOJFS,2021-12-12
736,Ilene,Bream,F,1959-10-23,China,ibreamkf@wiley.com,fzMWPo04ZA,2021-07-04
737,Jone,Olsen,M,1973-10-18,Kosovo,jolsenkg@howstuffworks.com,uZsMF5NH,2019-12-23
738,Ellary,Mallabone,M,1986-12-27,Bosnia and Herzegovina,emallabonekh@purevolume.com,cv8roG,2022-04-06
739,Wendye,Garie,F,2001-11-14,Sweden,wgarieki@opensource.org,VBOnaDcA,2019-06-25
740,Ichabod,Feldmesser,M,1973-05-22,China,ifeldmesserkj@google.fr,e0sSVzUE9,2018-05-20
741,Laney,Keyse,M,2000-04-26,Nigeria,lkeysekk@yellowbook.com,R1JleoG28r,2019-04-10
742,Rossy,Eversfield,M,1986-12-05,Mexico,reversfieldkl@wisc.edu,PrnH7hpJ,2022-01-28
743,Frederic,McOnie,M,1953-07-08,Indonesia,fmconiekm@creativecommons.org,lt7dBlqjz6L,2018-10-12
744,Felecia,Urian,F,2003-12-11,Greece,furiankn@wix.com,4Anes4WzOsg,2021-01-25
745,Jaclin,Olifaunt,F,1981-01-22,Philippines,jolifauntko@paypal.com,4ryk0SFkbsg7,2020-12-08
746,Bernardo,Cobson,M,1988-07-19,Brazil,bcobsonkp@kickstarter.com,kFAQBb4P,2021-02-15
747,Stearne,Titterton,M,1979-12-14,Philippines,stittertonkq@simplemachines.org,MQYi877cPfx,2021-07-09
748,Jessamine,Sharvell,F,2000-07-02,Russia,jsharvellkr@reference.com,EETtlS,2019-09-02
749,Mel,Shewry,M,1993-11-01,China,mshewryks@upenn.edu,5JpdzBtMZJPc,2021-04-18
750,Merrel,Desson,M,1981-09-14,China,mdessonkt@ucla.edu,3uU0to,2022-04-01
751,Sherri,Walklott,F,1982-11-29,Indonesia,swalklottku@wikipedia.org,2NRjrQmP,2020-10-05
752,Carolyn,Wolvey,F,1962-07-30,Nigeria,cwolveykv@hugedomains.com,itSPF2u,2021-07-21
753,Bell,Lezemore,F,2001-07-24,Nigeria,blezemorekw@nasa.gov,749LqKJ10XK,2018-06-03
754,Jamill,Weeds,M,1991-06-26,Indonesia,jweedskx@angelfire.com,J6afHKoy,2019-01-13
755,Iormina,Castagneri,F,1967-01-12,China,icastagneriky@bbb.org,VnNO42Jm,2021-11-04
756,Amos,Villalta,M,1966-06-04,Indonesia,avillaltakz@eepurl.com,d7rs2L8MYq,2019-07-01
757,Leola,Hearle,F,1954-03-30,Mozambique,lhearlel0@mit.edu,yxXUwi6Tp,2021-02-11
758,Crichton,Dorran,M,1986-12-08,Peru,cdorranl1@youku.com,R2YST4Yie0m,2019-02-18
759,Marianne,Baumler,F,1976-11-26,Poland,mbaumlerl2@thetimes.co.uk,dmXvfk,2019-12-27
760,Rossie,Parcell,M,1997-03-03,Indonesia,rparcelll3@tinypic.com,lBH5qb0KBIMv,2020-04-02
761,Shay,Moreinu,M,1957-06-21,China,smoreinul4@netvibes.com,0MhJ7yLOElP,2021-07-23
762,Celestia,Streak,F,1973-06-06,Sweden,cstreakl5@cafepress.com,WwvKrhSI0bH,2019-04-01
763,Carter,Pechell,M,1961-07-21,China,cpechelll6@sfgate.com,yuWPaa1jtSXE,2022-01-21
764,Collin,Ruddiman,M,1964-11-12,Mongolia,cruddimanl7@studiopress.com,ryLc7ijXH,2018-08-10
765,Millicent,Owens,F,1975-05-24,Belarus,mowensl8@paginegialle.it,itXbZgpK9SXK,2022-02-19
766,Orrin,Southard,M,1997-02-23,France,osouthardl9@google.de,6XBfeVC33R,2018-01-06
767,Cordie,Oakden,F,1955-04-12,Mexico,coakdenla@elpais.com,zVisj0Lky,2020-08-20
768,Lyn,Yglesias,F,1950-02-18,Argentina,lyglesiaslb@google.ru,WK2i8px8PW,2022-01-13
769,Tate,Moat,M,1982-06-03,Morocco,tmoatlc@studiopress.com,KdmokNV,2021-02-19
770,Jazmin,Gregine,F,1989-01-23,Thailand,jgregineld@bluehost.com,ovgDP2Zi,2019-06-18
771,Christiano,Gerault,M,1952-10-19,China,cgeraultle@tumblr.com,HZmXuMX,2019-10-19
772,Ninnetta,Hollingdale,F,1999-12-03,Indonesia,nhollingdalelf@epa.gov,njQG7LPmZt,2021-04-24
773,Fay,Lebbern,F,1984-03-30,Indonesia,flebbernlg@xinhuanet.com,FmZQ2z,2018-04-24
774,Sigismondo,Marty,M,1951-12-05,China,smartylh@newyorker.com,tsyfwO,2021-12-12
775,Corbin,Moquin,M,1962-10-27,Portugal,cmoquinli@weebly.com,wwP30Za8,2020-03-29
776,Ula,Dymidowski,F,1982-04-23,Lebanon,udymidowskilj@wordpress.org,c2nsg67w3ST,2019-05-01
777,Rance,Clemonts,M,1997-07-21,Poland,rclemontslk@usa.gov,MKCqgew,2020-01-15
778,Kendra,Landrean,F,1974-11-07,China,klandreanll@hhs.gov,utQxpW3YV,2020-08-10
779,Frank,Bourgaize,M,1961-01-01,Czech Republic,fbourgaizelm@hubpages.com,AbpiZ3Us2D,2021-10-22
780,Moira,Cambden,F,1997-09-26,Poland,mcambdenln@google.ca,pLNTmSUXi,2020-10-29
781,Angeline,Bwy,F,1995-10-06,South Africa,abwylo@domainmarket.com,gKyeNRoR,2022-03-23
782,Mallissa,Addyman,F,1953-09-26,China,maddymanlp@photobucket.com,ddbYr4ONk39,2020-10-16
783,Em,Couve,M,1962-03-28,New Zealand,ecouvelq@tripadvisor.com,O9wcYVK4b,2018-01-07
784,Orazio,Pessler,M,1964-07-18,Czech Republic,opesslerlr@biblegateway.com,5b3JjNj3SKc,2020-08-11
785,Jill,Stonnell,F,1986-10-09,Honduras,jstonnellls@home.pl,FrD4dhEB2r,2021-05-23
786,Nerty,Mancell,F,1990-11-11,Philippines,nmancelllt@ocn.ne.jp,cV5psJic,2020-01-31
787,Olvan,Largan,M,2003-10-15,China,olarganlu@tumblr.com,NATdEDO,2018-04-01
788,Marne,Jumel,F,1986-05-03,Equatorial Guinea,mjumellv@reddit.com,1r8ozKIEPg,2019-02-13
789,Emerson,L'argent,M,1958-11-27,France,elargentlw@clickbank.net,521pSrUvWyp4,2018-08-11
790,Della,Patten,F,1976-12-13,Greece,dpattenlx@mapquest.com,B6elsxSk8wt9,2021-11-09
791,Giustino,Drever,M,1984-05-10,China,gdreverly@amazon.com,SjXxZ5qn0Hu,2022-03-13
792,Lilyan,Bosanko,F,1996-06-02,Philippines,lbosankolz@cdbaby.com,86wijAOuiw96,2018-02-14
793,Mead,Dawidowitz,M,1967-12-09,Portugal,mdawidowitzm0@bing.com,b1P4IFbw,2019-09-13
794,Christian,Scotti,F,1970-02-27,Brazil,cscottim1@go.com,oip2CELkc41l,2020-06-21
795,Lauren,Stillmann,F,1965-08-06,Ukraine,lstillmannm2@shinystat.com,QLlz4VclpY,2021-02-13
796,Gracie,Jeroch,F,1972-12-30,China,gjerochm3@fastcompany.com,xwFUJ8fQ5,2021-12-29
797,Todd,McTiernan,M,1983-01-23,Poland,tmctiernanm4@webeden.co.uk,NQYBc4t,2018-03-27
798,Merwin,Mounfield,M,2000-01-13,Serbia,mmounfieldm5@histats.com,KwYZO8YK5mZ,2021-10-06
799,Tucky,Balentyne,M,1966-06-19,Belarus,tbalentynem6@omniture.com,V2nQL9kLjAN,2018-10-02
800,Roxanna,Solon,F,1959-07-10,China,rsolonm7@ebay.co.uk,7yGKFa,2018-02-18
801,Jacquie,Driffe,F,1997-11-29,Sweden,jdriffem8@netlog.com,t6z5FwPU,2018-07-05
802,Lennie,Vegas,M,1978-10-27,Indonesia,lvegasm9@about.me,460rNfsPZp,2019-03-21
803,Gordan,Wellbeloved,M,2000-02-04,Anguilla,gwellbelovedma@sbwire.com,W4LrDDMX,2018-05-29
804,Dewey,Olivet,M,1985-03-04,Indonesia,dolivetmb@miibeian.gov.cn,rkDs8l,2020-06-11
805,Debor,MacKimmie,F,1980-09-27,Mexico,dmackimmiemc@cnn.com,6Aajg8Xn,2018-04-04
806,Simeon,Bakhrushkin,M,1986-01-30,Russia,sbakhrushkinmd@yandex.ru,CrDqYl,2020-05-16
807,Barbe,Brehault,F,1961-07-20,China,bbrehaultme@sina.com.cn,3neDq3Uhgh,2021-12-07
808,Guillaume,Skouling,M,1985-08-30,Peru,gskoulingmf@blogger.com,vgZReXroVx,2019-05-22
809,Mara,Harragin,F,1975-01-08,China,mharraginmg@google.nl,rXcvSRbRwhkX,2021-05-22
810,Lucienne,Guerri,F,1991-01-09,Russia,lguerrimh@eepurl.com,IcKJmXz2,2021-10-28
811,Sibylla,Plumptre,F,1965-11-17,Indonesia,splumptremi@163.com,M7uLtucw,2020-10-10
812,Joelle,Dakers,F,1999-02-18,China,jdakersmj@sciencedaily.com,Ro4WbPTJ4wK,2020-05-23
813,Nobie,Cooney,M,1981-12-24,Poland,ncooneymk@arizona.edu,hTvSR3,2021-12-24
814,Kelly,Cleave,F,1966-11-01,Peru,kcleaveml@washington.edu,i4Amx9Uk,2020-08-16
815,Jules,Kleinlerer,M,1965-07-03,China,jkleinlerermm@qq.com,XL4RAUDAcGIz,2018-10-20
816,Ciro,Watford,M,1985-03-10,Russia,cwatfordmn@youku.com,YsE4qkD5,2018-09-08
817,Sheila-kathryn,McDade,F,1987-04-08,Venezuela,smcdademo@seattletimes.com,kcejqBNBg,2018-10-17
818,Robena,Durrant,F,1997-05-16,Philippines,rdurrantmp@dailymail.co.uk,QtZM5aS,2019-05-28
819,Curry,Ranklin,M,1972-05-30,Brazil,cranklinmq@whitehouse.gov,asf4Iu,2020-03-23
820,Leland,Teager,M,2002-04-26,China,lteagermr@abc.net.au,GpI4wd,2019-10-03
821,Nicolas,Laity,M,1964-05-12,Indonesia,nlaityms@blogger.com,1HyNzsbGZMxg,2019-07-06
822,Mari,Adamson,F,1951-02-08,Russia,madamsonmt@networkadvertising.org,C4VsOV,2022-02-23
823,See,Mathie,M,1978-10-14,Panama,smathiemu@wp.com,8u1zc53OYC,2018-08-18
824,Phillis,Paniman,F,1985-04-30,Dominican Republic,ppanimanmv@woothemes.com,r1TvSnsv8,2019-05-24
825,Jakie,Arno,M,1975-08-11,France,jarnomw@kickstarter.com,kVDG6IPy4s,2021-10-24
826,Nana,Baulk,F,1971-06-04,Russia,nbaulkmx@4shared.com,gyBo2Le,2021-12-31
827,Ximenez,Whithorn,M,1950-02-22,China,xwhithornmy@slate.com,r6opAglEsK,2019-06-22
828,Neel,Halsey,M,1997-01-27,Philippines,nhalseymz@latimes.com,a1Lc8L0emCG,2018-11-29
829,Lesly,Bantick,F,1965-05-29,New Zealand,lbantickn0@goodreads.com,6G64aN9N,2021-10-17
830,Doralynne,Vittle,F,1994-01-08,Philippines,dvittlen1@tuttocitta.it,cEwt5GdH,2020-03-03
831,Jenny,Fibbens,F,1983-02-14,China,jfibbensn2@phoca.cz,DymlJ8wa,2020-03-01
832,Pietro,Syres,M,1983-11-24,Indonesia,psyresn3@tripod.com,O6Exxz15l,2019-07-14
833,Dud,Jirsa,M,1973-10-06,Russia,djirsan4@unesco.org,dJksAMKH,2019-08-26
834,Monah,Morilla,F,1971-07-25,Egypt,mmorillan5@tumblr.com,1DkHqq,2022-03-21
835,Tonye,Menary,F,1993-12-01,China,tmenaryn6@wiley.com,8pTFL08Q,2018-12-20
836,Heda,Sheeres,F,1995-05-14,Venezuela,hsheeresn7@ezinearticles.com,FQYQsiF,2020-03-01
837,Nels,Cartwight,M,1960-08-22,Brazil,ncartwightn8@drupal.org,vKv7i4q,2021-06-28
838,Ardys,McGahy,F,1957-01-23,Canada,amcgahyn9@godaddy.com,FHDm45jKNZi,2019-05-13
839,Adelice,Gamil,F,1996-01-21,Indonesia,agamilna@eventbrite.com,jHNlk7tgy2jV,2019-09-18
840,Reynard,Robbie,M,1996-08-20,China,rrobbienb@sina.com.cn,b2hH6VD,2019-08-12
841,Waylan,Dradey,M,1971-11-26,Myanmar,wdradeync@geocities.com,WVfyGeLJ6,2021-10-22
842,Dotty,Wrangle,F,1997-02-21,China,dwranglend@cbc.ca,LAEdlir,2019-10-28
843,Margaretta,Insoll,F,1983-12-04,France,minsollne@paginegialle.it,TG8KdvOpWLFG,2018-09-23
844,Gillian,Swire,F,1992-02-01,United States,gswirenf@narod.ru,DFgS159p,2020-02-14
845,Ulrick,Nodin,M,1970-11-01,Indonesia,unodinng@bigcartel.com,7yrTFy,2018-02-14
846,Armando,Berka,M,1958-12-31,Indonesia,aberkanh@hugedomains.com,ce4qCiV0F,2021-05-07
847,Shepperd,Fursse,M,1997-12-21,Canada,sfursseni@soup.io,amkCnqYU,2018-04-07
848,Sacha,Batie,F,1981-02-13,Brazil,sbatienj@moonfruit.com,Rsjt3V5,2018-06-10
849,Charline,Chupin,F,1991-03-08,Poland,cchupinnk@epa.gov,JXntG1oTN,2019-12-08
850,Zarah,Townes,F,1989-10-10,Ukraine,ztownesnl@histats.com,B3OvXg3Y7hqu,2021-12-15
851,Freddy,Birkinshaw,F,1991-03-15,China,fbirkinshawnm@paypal.com,Ep0Ox0Lod,2018-07-31
852,Eldridge,Etteridge,M,1982-11-08,China,eetteridgenn@youku.com,CylNGGZsmM1d,2019-01-11
853,Eilis,Burger,F,1999-06-21,Indonesia,eburgerno@reuters.com,Xd7rIa,2020-11-14
854,Natalya,Vassano,F,1977-11-24,Afghanistan,nvassanonp@intel.com,guyqKM9IIoV,2019-04-09
855,Delaney,Skayman,M,1975-10-27,China,dskaymannq@mail.ru,MADaT9iai,2019-09-16
856,Lucky,Bonnyson,F,1987-03-18,Moldova,lbonnysonnr@ustream.tv,MYIS9uFaV0OX,2021-11-13
857,Sile,Reece,F,1975-07-27,China,sreecens@ameblo.jp,EEFvQS00D,2018-07-25
858,Gnni,McAline,F,2003-10-12,China,gmcalinent@hc360.com,Xdx8iI,2020-09-07
859,Adrea,Nott,F,1981-03-04,Colombia,anottnu@edublogs.org,akTn3NU,2019-01-04
860,Adrea,Rigler,F,1957-04-22,Peru,ariglernv@howstuffworks.com,LzNqn2Z,2018-08-11
861,Maurice,Botting,M,1972-12-02,Brazil,mbottingnw@blogtalkradio.com,PPlvOEuQ9,2018-02-01
862,Rowen,Lethardy,M,1976-06-23,Liberia,rlethardynx@addtoany.com,KONisp8ekgB,2020-12-19
863,Gloriane,Stallion,F,1978-12-11,Albania,gstallionny@newsvine.com,R21gHJ7wsYs,2019-02-25
864,Robyn,Dummett,F,1994-02-13,France,rdummettnz@people.com.cn,WFcWxeNF,2019-09-01
865,Sunny,Dooley,M,1956-08-20,Libya,sdooleyo0@msn.com,pJhasQ8NHJ,2020-12-13
866,Daryle,Crosier,M,1999-01-10,Indonesia,dcrosiero1@pcworld.com,J2l8chZ3oD,2021-04-04
867,Windham,Pearson,M,1965-08-05,China,wpearsono2@fastcompany.com,VbF14no6dve,2021-02-14
868,Gillan,Devas,F,1997-03-21,Czech Republic,gdevaso3@tmall.com,B9CnSL,2020-08-23
869,Abram,Cundy,M,1967-01-28,China,acundyo4@flavors.me,23sBj0B2K,2019-12-04
870,Shannon,Apfler,F,1990-10-18,Brazil,sapflero5@webs.com,zHHSBSUIcnrh,2020-06-25
871,Olive,Gookey,F,1963-04-27,Philippines,ogookeyo6@booking.com,nXR8lnZf,2020-01-31
872,Ciel,Lyman,F,2002-08-26,Indonesia,clymano7@cdc.gov,pg7jMQ,2018-03-29
873,Shaylyn,Henken,F,1961-10-13,Indonesia,shenkeno8@nasa.gov,XkZuUd,2020-07-19
874,Druci,Cote,F,1979-07-31,Uganda,dcoteo9@admin.ch,dwfIDDnK4l,2019-11-24
875,Cassie,Deevey,F,1982-07-22,Russia,cdeeveyoa@paginegialle.it,XkcNxnk6D,2020-07-12
876,Carlene,Everall,F,1960-03-07,Indonesia,ceverallob@devhub.com,jAGVNgYY7PDk,2018-10-30
877,Butch,Healings,M,1988-12-09,China,bhealingsoc@woothemes.com,vyNw84NkBOqI,2020-03-01
878,Hilda,Feild,F,1977-12-01,Nigeria,hfeildod@economist.com,i96h21CfOY,2018-01-02
879,Kareem,Noar,M,1996-03-11,Greece,knoaroe@fda.gov,ef5FtP,2018-04-29
880,Harwell,Panswick,M,1966-04-17,Russia,hpanswickof@sohu.com,bqkRhSGFe,2018-11-16
881,Dukie,Razoux,M,1996-04-26,Portugal,drazouxog@webmd.com,O2Ul51TrQiig,2020-12-11
882,Georgine,Klimov,F,1974-11-08,China,gklimovoh@senate.gov,3D3iIR,2018-01-06
883,Patrizio,Rime,M,1957-01-23,Canada,primeoi@joomla.org,v7XaIOMwx6z,2019-04-20
884,Boone,Ailsbury,M,1960-04-14,Bulgaria,bailsburyoj@furl.net,hbmlPkJE,2020-06-12
885,Danya,Sellars,M,1998-12-24,Mauritius,dsellarsok@dedecms.com,xROMmxZ7,2019-02-20
886,Darrell,Anthoine,M,1959-01-13,Pakistan,danthoineol@google.ru,ZiXlJO,2018-10-19
887,Norton,Sommer,M,1967-02-17,Russia,nsommerom@t.co,7TkdXzX06HmM,2018-12-14
888,Carmel,MacKill,F,1975-08-16,Mexico,cmackillon@ucoz.ru,HkaKP1Nt4kjL,2021-08-23
889,Wilone,Frangello,F,1984-12-15,Luxembourg,wfrangellooo@usda.gov,IlfPVEFPj,2018-09-25
890,Dennis,L'Archer,M,1985-02-03,Mongolia,dlarcherop@bizjournals.com,5HMLWbsN3br,2021-11-13
891,Jeanne,Cominello,F,1950-02-01,Portugal,jcominellooq@kickstarter.com,WxeaMsZNXrz,2020-09-11
892,Adel,Underdown,F,1998-05-28,Indonesia,aunderdownor@discuz.net,hxxIk1Y1,2021-09-12
893,April,Loghan,F,1983-10-02,Thailand,aloghanos@photobucket.com,N7d4MZkt,2018-06-08
894,Izzy,Descroix,M,1977-06-10,Peru,idescroixot@time.com,jcW3DYI3fc,2018-12-27
895,Cristobal,Cadman,M,1954-03-28,Colombia,ccadmanou@jalbum.net,DGpza0,2019-03-19
896,Saudra,Gumb,F,1957-11-03,United States,sgumbov@netlog.com,yamZo1n,2019-03-18
897,Doti,Dochon,F,1978-02-08,Thailand,ddochonow@google.es,7yaZ5X,2022-03-20
898,Robyn,Meharry,F,1963-11-01,Ecuador,rmeharryox@scientificamerican.com,TVyrz8ELJ1,2020-12-20
899,Cass,Scoines,F,1958-09-05,United States,cscoinesoy@netvibes.com,o5fD2w,2020-09-19
900,Joan,Jeanet,F,1987-05-26,United States,jjeanetoz@yelp.com,GQk3CZDFp,2018-03-27
901,Latrena,Lanham,F,1961-03-02,Cameroon,llanhamp0@e-recht24.de,xwF7G3zzDrG,2020-09-18
902,Alysa,Dawley,F,1981-06-07,Mexico,adawleyp1@twitpic.com,hMM2dDJx,2019-09-28
903,Rycca,Bottinelli,F,1964-12-18,Argentina,rbottinellip2@jimdo.com,PScoCqe,2021-12-15
904,Payton,Hourigan,M,1956-03-09,Peru,phouriganp3@bloglovin.com,Gn8nfFHoYD,2019-07-25
905,Adela,Connochie,F,1999-04-10,Poland,aconnochiep4@dedecms.com,UdYj48L3sE,2021-09-16
906,Sonny,Metterick,M,1957-12-28,United States,smetterickp5@uiuc.edu,Zd8bdAtB,2021-01-13
907,Arin,Easterbrook,M,1967-02-25,China,aeasterbrookp6@spiegel.de,FQpE4yQT,2022-04-08
908,Ruby,Murname,M,1985-07-08,Philippines,rmurnamep7@fema.gov,rVC45BFeT,2019-06-18
909,Rafaelia,Whaley,F,1989-12-05,China,rwhaleyp8@wix.com,EebavQdcrBW,2022-03-26
910,Natividad,Stoffel,F,1986-06-06,Russia,nstoffelp9@msn.com,xBLmlBM,2019-05-19
911,Gregoor,Meugens,M,1987-02-02,South Africa,gmeugenspa@wiley.com,KImaOa2OK7fR,2019-06-19
912,Reyna,Mully,F,1970-05-29,Germany,rmullypb@apple.com,E8WFHv2J,2019-09-19
913,Elwin,Freake,M,1962-12-31,Poland,efreakepc@wikia.com,0tTm7Y,2022-03-24
914,Jonathon,Sharply,M,1977-06-21,Netherlands,jsharplypd@unc.edu,vmWCal,2020-10-26
915,Stacee,Hadgraft,M,1978-11-07,Paraguay,shadgraftpe@t.co,UuiY5B,2022-03-12
916,Jeffie,McCorley,M,1970-10-05,China,jmccorleypf@tamu.edu,b0mNGn1j,2019-01-21
917,Boyd,Vian,M,1951-01-01,Indonesia,bvianpg@networksolutions.com,6Mplea,2018-09-26
918,Celisse,Benois,F,1987-12-01,Sweden,cbenoisph@admin.ch,VoL7KCiRg,2020-06-16
919,Kipp,Gowler,M,1996-03-21,Albania,kgowlerpi@imgur.com,MycOEN,2018-08-24
920,Noel,Cobson,F,1953-03-25,Indonesia,ncobsonpj@yelp.com,T6Dl7I4jl4X,2020-07-03
921,Tabbi,Ivashov,F,1962-11-24,Poland,tivashovpk@cpanel.net,ORs2M5g,2020-04-19
922,Celestina,Braferton,F,1967-08-03,Argentina,cbrafertonpl@yellowpages.com,Lt9Gll,2020-03-01
923,Aurlie,Rendell,F,1979-10-30,Peru,arendellpm@statcounter.com,cw6HtUow,2018-08-31
924,Nanine,Terlinden,F,1959-11-11,Philippines,nterlindenpn@un.org,mvA10mN,2018-07-07
925,Ado,Sexon,M,1955-09-04,China,asexonpo@cmu.edu,UjEj0qrWAY,2019-09-06
926,Sybyl,McGarrie,F,1997-11-15,Indonesia,smcgarriepp@house.gov,KoTbm8,2018-08-16
927,Sheff,Jachtym,M,1987-04-15,Greece,sjachtympq@pen.io,8Sumv8EUI8O,2018-10-18
928,Tammy,Pashbee,M,2000-09-09,China,tpashbeepr@ehow.com,XXnNZ60,2021-04-08
929,Alisun,Wharf,F,1996-10-01,Ukraine,awharfps@networksolutions.com,3OogoKT,2020-08-16
930,Ludovico,Wey,M,1979-08-20,Guinea,lweypt@instagram.com,BrzSWXNOk,2021-02-26
931,Meridith,Bolf,F,1972-12-26,United States,mbolfpu@columbia.edu,3vP7viRya,2018-09-11
932,Nicolle,Blinerman,F,2003-06-23,Finland,nblinermanpv@imageshack.us,eANXkK,2021-03-18
933,Suzy,Syder,F,1981-05-20,Israel,ssyderpw@google.com.hk,mA3pnlTSmUcm,2019-12-07
934,Em,Janse,F,1998-11-20,Poland,ejansepx@slashdot.org,c9JwDjASzht7,2019-01-24
935,Danna,Kenewel,F,1967-09-10,Turkey,dkenewelpy@dyndns.org,Hk8D8SPo,2020-07-26
936,Erinna,Cisneros,F,2002-12-28,Argentina,ecisnerospz@altervista.org,8ZFJDOCz,2018-04-15
937,Pia,Seiffert,F,1961-04-17,Philippines,pseiffertq0@meetup.com,9OheyxiLSH,2018-09-22
938,Munmro,Iacovo,M,1968-02-12,Portugal,miacovoq1@feedburner.com,jWX7jV,2018-10-30
939,Fara,Cowcha,F,1963-10-28,Poland,fcowchaq2@timesonline.co.uk,WYyk5QR81i,2020-12-02
940,Geneva,Kytter,F,1971-07-25,Ecuador,gkytterq3@angelfire.com,epXXEpFF,2018-05-20
941,Con,Kinchin,M,1988-08-30,Albania,ckinchinq4@vistaprint.com,EE6ELa,2022-01-16
942,Marven,Folkes,M,1966-08-26,Sudan,mfolkesq5@cargocollective.com,AE2Hv6E,2019-04-11
943,Rutter,Mossom,M,1962-05-10,Malaysia,rmossomq6@hubpages.com,FlsVpq3sWzOT,2018-10-28
944,Perkin,Lyman,M,1965-02-07,Pakistan,plymanq7@live.com,D0jW70V7,2018-03-10
945,Angil,Gallen,F,1974-09-25,Macedonia,agallenq8@pbs.org,w4yn3PSaEl,2019-04-19
946,Maire,Guinan,F,1963-04-12,Ukraine,mguinanq9@pbs.org,6CJanyy,2020-03-18
947,Josi,Feake,F,1977-05-28,China,jfeakeqa@hud.gov,EZM7Mt1nk,2018-04-30
948,Gram,Strange,M,1976-01-10,Brazil,gstrangeqb@house.gov,71Qa6tszm,2019-06-28
949,Guthrey,Cowden,M,1968-06-18,Poland,gcowdenqc@bloglovin.com,stKgSfBvH,2019-12-20
950,Cullin,Simester,M,2001-04-11,United States,csimesterqd@bigcartel.com,pdijQz8z,2021-03-18
951,Sim,Korejs,M,2000-10-11,Greece,skorejsqe@pcworld.com,PdECfD,2020-03-29
952,Roddie,Devonish,M,1957-01-17,Germany,rdevonishqf@homestead.com,LZw44SHkiVc,2020-01-21
953,Kaela,Verrell,F,1956-09-14,Ukraine,kverrellqg@dedecms.com,8RaALU2i194w,2020-12-21
954,Loraine,Glassup,F,1979-06-27,Colombia,lglassupqh@google.com.au,7wBgbV,2021-06-26
955,Claudian,Kupec,M,1957-11-10,Malaysia,ckupecqi@is.gd,QrHuU4p,2019-05-18
956,Venita,McTaggart,F,1955-08-09,Russia,vmctaggartqj@newyorker.com,n74CGQDpQ,2021-08-11
957,Dannie,Jagger,M,1972-09-24,Russia,djaggerqk@pagesperso-orange.fr,NWHipF2yzzew,2021-02-06
958,Artemas,D'Aulby,M,1999-12-04,Democratic Republic of the Congo,adaulbyql@dagondesign.com,olYIZ2hlSjP2,2019-10-08
959,Silas,Arnall,M,1996-07-07,South Korea,sarnallqm@de.vu,Xxs5JASod7R5,2021-12-22
960,Gerda,Francescone,F,1993-11-05,Ukraine,gfrancesconeqn@gnu.org,Cmy3zHXe,2019-07-18
961,Camilla,O'Cahill,F,1989-05-02,China,cocahillqo@ca.gov,AVWyTzTG,2020-12-09
962,Goldie,Curl,F,1994-09-11,Indonesia,gcurlqp@nba.com,N0t6UdFI,2020-08-02
963,Willabella,Chettoe,F,1966-01-08,Indonesia,wchettoeqq@jigsy.com,n5AwHv7K0,2021-06-24
964,Cammy,Lorkings,F,1951-12-27,Syria,clorkingsqr@last.fm,1AHonf,2019-09-03
965,Farrand,Clarkin,F,1981-03-28,United States,fclarkinqs@imdb.com,iokenn27,2020-03-27
966,Rustie,Simchenko,M,1999-06-28,China,rsimchenkoqt@list-manage.com,9MAb5IMTh4,2021-08-08
967,Maggi,Mulran,F,1967-02-06,Vietnam,mmulranqu@godaddy.com,m2Nl37YM1Bb,2020-05-06
968,Cindi,Chadbourne,F,1986-05-22,Iraq,cchadbourneqv@trellian.com,fWSb4IcK9GKq,2018-06-20
969,Avril,Peye,F,1980-06-09,China,apeyeqw@printfriendly.com,Y7LPXi4Vb,2020-02-07
970,Dona,Shepstone,F,1995-07-03,China,dshepstoneqx@joomla.org,KTqGX1ho,2019-09-02
971,Merry,Ruddiman,F,1950-02-20,Croatia,mruddimanqy@mit.edu,mOrsQw49lT,2020-10-02
972,Tremaine,Tootell,M,1951-04-15,United States,ttootellqz@digg.com,rAQVV5KEGIRf,2020-10-19
973,Leigh,Duligall,M,1970-12-17,France,lduligallr0@smh.com.au,vLg1tYLHk,2020-08-10
974,Codee,McMakin,F,1951-03-10,France,cmcmakinr1@macromedia.com,BmE1T9H8Dsl,2019-08-29
975,Linea,Ollet,F,1981-06-06,Pakistan,lolletr2@ucoz.com,2Bco0T15NoI,2021-10-23
976,Haslett,Lewsie,M,1968-11-14,United States,hlewsier3@dot.gov,TapbHhsm,2021-08-09
977,Man,Vassman,M,1972-10-21,China,mvassmanr4@pcworld.com,EDEL8tNUPfJh,2019-06-27
978,Tamera,Spellecy,F,2001-04-17,Indonesia,tspellecyr5@csmonitor.com,xOc0Dn3dKvDU,2019-10-18
979,Yasmin,Castagneto,F,1973-01-20,China,ycastagnetor6@princeton.edu,u4ZNHLPWfYE,2019-12-01
980,Nickolas,MacConnel,M,1985-10-21,China,nmacconnelr7@chronoengine.com,Gf5m7Mu4jES,2021-04-14
981,Ainslie,Suermeier,F,1978-01-22,Azerbaijan,asuermeierr8@addthis.com,7IvxLc3Bc,2019-08-17
982,Salomon,Simons,M,1996-01-15,China,ssimonsr9@reuters.com,rhvyCTx,2020-04-22
983,Muhammad,Fairnington,M,1967-04-12,China,mfairningtonra@wired.com,eiKKVcuzgPt,2020-04-24
984,Kelbee,Daffern,M,1957-06-20,Indonesia,kdaffernrb@engadget.com,yird4FdyVZu,2020-03-05
985,Kenna,Latham,F,1964-12-16,Mexico,klathamrc@usatoday.com,WJJ4bNMnwA,2018-03-25
986,Lorianna,Nono,F,1961-09-24,China,lnonord@wikia.com,uC46OG,2019-05-23
987,Pebrook,Shenfish,M,1951-03-04,Russia,pshenfishre@uiuc.edu,PlFslGrfd,2018-02-23
988,Erv,Routhorn,M,1980-09-11,Macedonia,erouthornrf@is.gd,FcDpf33G2IX,2021-03-08
989,Delmor,Keuneke,M,1998-10-01,Argentina,dkeunekerg@businessinsider.com,0y6xSrD,2018-10-03
990,Bern,Trasler,M,1956-06-23,Vietnam,btraslerrh@mapquest.com,gqEgWJHh8,2019-08-15
991,Sarine,Ghiotto,F,1994-10-29,China,sghiottori@upenn.edu,A35Ez0RxPdP,2018-05-13
992,Yelena,Heyward,F,1986-05-07,Portugal,yheywardrj@japanpost.jp,U0hFv3CD,2021-08-22
993,Celestia,Tabbernor,F,1963-09-30,Vietnam,ctabbernorrk@liveinternet.ru,6zZkOZnBki9,2021-10-26
994,Prentice,Dobbinson,M,1967-08-22,Mexico,pdobbinsonrl@mysql.com,RvMNwBC,2019-11-25
995,Georgeanna,Edgler,F,1988-02-13,Poland,gedglerrm@tumblr.com,0yQzF2aWa,2019-09-24
996,Kile,Josipovic,M,1973-07-08,Portugal,kjosipovicrn@wp.com,rO9cZRDg9,2020-05-20
997,Briano,Paulon,M,1995-01-27,China,bpaulonro@netlog.com,yxNAcv5L,2019-10-26
998,Weber,Boriston,M,1968-06-05,Indonesia,wboristonrp@sakura.ne.jp,kDxOL8ulag,2020-08-21
999,Zerk,Tebbit,M,1962-05-19,Belarus,ztebbitrq@meetup.com,NezzYcZR,2018-11-07
1000,Marcile,Buard,F,1953-02-11,Indonesia,mbuardrr@shop-pro.jp,kHgbCNYr,2021-07-24
